bug,entropy,frequency,version_cnt,up_time
640934,0.1355443628437745,427,10,453.0
736181,0.0,3,1,2.0
505742,0.19994075143512904,352,16,279.5
738935,0.23051491278122715,8690,6,5.0
774622,0.2813663392748897,46915,15,14.0
745818,0.0,1,1,320.0
623638,0.0,10,5,174.5
795829,0.19324553451193827,24,5,282.0
795826,0.2392896951956161,130,7,456.0
748531,0.22244029010497607,2711,2,2071.0
795821,0.25159359679779086,1181,9,343.0
704684,0.23439368322874224,34,8,278.0
728707,0.0,1,1,4.0
787584,0.010762160603174323,9776,11,21.0
704686,0.2014549557273773,70,8,243.0
595572,0.17288184526038966,19,7,198.0
784672,0.09072569536376561,1648,5,91.0
798963,0.0,1,1,1.0
581992,0.23627400640838886,655,17,4.0
784633,0.08814060371192874,34868,15,188.0
729129,0.13241263169041873,58953,27,9.5
551384,0.11751047586170903,3,2,280.0
631453,0.0,1,1,425.0
576734,0.11283705108237263,5,4,153.0
467499,0.17967597535242105,30,6,277.0
715598,0.28444023579528144,229,14,129.5
467493,0.0,1,1,206.0
759162,0.21244149976352694,23984,5,380.0
821224,0.05032567748499978,12376,7,23.0
635519,0.2286857957841219,7581,24,438.0
705941,0.17622575623469708,64,9,229.0
602797,0.21988496157624715,107,10,143.0
711852,0.12350682353163223,3074,10,174.0
592214,0.17288184526038966,19,7,198.0
791655,0.0,1,1,8049.0
791657,0.0,2,1,130.0
205735,0.053524366620378426,5,4,398.0
703002,0.06892850961437953,6912,19,301.0
818415,0.24929761651399543,123,1,67.0
736761,0.1726271971678819,35,2,20.0
707614,0.14828171115498553,4,3,141.5
795728,0.1784322998126879,14,6,709.0
772615,0.12514554519968324,15,7,400.0
782981,0.1716855975879071,21,1,698.0
687768,0.131493860671368,25,7,101.0
817704,0.13659496172530594,7,2,78.0
750220,0.22035526539181075,1990,8,21.0
704703,0.24894661709645025,161,12,640.0
616591,0.0,1,1,201.0
641224,0.20917426501185699,61,9,352.0
799877,0.29351367972113634,24903,23,9.0
793380,0.1871078316432625,40,8,55.5
732897,0.0,1,1,730046.0
603356,0.06808323881004719,3,2,103.0
358290,0.0,1,1,323.0
633927,0.1890502912545209,962,13,9.0
676571,0.2202113543766923,24,4,162.5
669787,0.0,1,1,1907.0
536617,0.13747834103439163,26,8,39.5
760405,0.11751047586170903,3,2,2579.5
760407,0.1508722604103599,13,7,219.5
760406,0.21663424889086252,10,4,116.5
609244,0.12974649726061233,8,4,862.0
817290,0.24088479202539095,31,1,499.0
97444,0.06808323881004719,3,3,113.0
809784,0.3639948548966727,62,5,46.0
102936,0.15509653001836182,16,6,721.5
719113,0.2346090406371667,337,12,246.0
824474,0.5122775499136615,851,1,1171.0
655940,0.2286857957841219,7581,24,438.0
223144,0.0,1,1,16.0
146308,0.22700833390795144,34,6,98.5
802798,0.16095613448933566,10,4,91.0
803022,0.2272872641163988,145,7,1246.0
753731,0.0,1,1,12263.0
787017,0.12961625002087718,23177,9,4.0
673521,0.11751047586170903,3,3,525.0
754807,0.10515366659879356,12,6,213.5
809674,0.14072626668982924,17,6,8.0
762581,0.07198710779634435,5,1,7254.0
765678,0.1622918248049255,16195,24,2.0
608773,0.07414085557749277,2,1,351.0
199541,0.11121128336623914,4,3,10.0
689929,0.22759283870543978,31,8,42.0
736570,0.07842191451519229,26,1,4.5
780596,0.11246732823972391,173,11,6.0
810764,0.41356644660737285,61,2,6.5
795104,0.12672964793141941,1208,10,21.0
723659,0.11751047586170903,3,1,1303.0
644542,0.23048130477283696,20,8,119.5
595975,0.20306195555960643,59,4,144.0
391132,0.2117009495254364,12,6,69.0
757121,0.13338056101968768,19,3,43.0
823955,0.4791778034373099,168,3,342.0
627716,0.11121128336623914,4,3,860.5
743938,0.050620369251028405,6752,23,182.0
691976,0.0,1,1,19.0
809322,0.07868406815307696,8,3,175.0
628711,0.2040081407021172,12,6,236.5
663329,0.18127277761955785,50,8,3.5
698633,0.2100184996928403,131,8,9.0
588931,0.11751047586170903,3,2,3188.0
790743,0.6353817386039207,1194,6,232.0
798383,0.17890844126075994,11,1,68.0
408518,0.15567483039471713,41,11,226.0
682649,0.21873124662782098,14,5,447.5
603938,0.07414085557749277,2,2,68.5
749461,0.21812220804817192,29,9,389.0
265736,0.0,1,1,9604.0
728849,0.1757843056048342,10,1,114.5
179524,0.131493860671368,25,7,101.0
134769,0.0,4,3,4698.5
719373,0.23742950694353304,560,4,38.0
768364,0.0,3,1,364.0
752172,0.19238859682030407,11,1,1.0
757413,0.16472635965461943,261,9,92.0
752174,0.23911540734107375,5067,3,2153.0
673835,0.23114444325709554,232,12,95.0
774361,0.12020215064620712,15842,12,210.0
788482,0.23446489475570922,53,6,159.5
788480,0.0,149,10,17.0
619021,0.09279685733587809,6,5,472.0
521169,0.07414085557749277,2,1,498.5
352616,0.0,1,1,4.0
743119,0.2519045413039656,1454,15,35.0
718886,0.0,35,1,2.0
644796,0.11751047586170903,3,3,67.0
701396,0.16414885996046266,17455,17,5.0
156650,0.0,1,1,960.0
701399,0.1482817111549855,8,4,603.0
721390,0.2577284498972924,41,4,62.0
721394,0.056162533666106414,1385,14,158.0
746548,0.2698181396329489,512,1,6.0
756658,0.0,1,1,280.0
814736,0.08517559901363139,7,2,96.5
756655,0.0664762348244732,97,9,584.0
218556,0.271556063647802,649,15,403.0
751977,0.06808323881004719,3,3,2288.0
751973,0.0,2,1,1041.0
756652,0.00434175396305095,970,12,553.0
272286,0.0,1,1,2287.0
571976,0.17967597535242105,30,6,277.0
640473,0.11751047586170903,3,3,647.0
822686,0.14828171115498553,4,2,234.0
775982,0.2173443861064797,36,8,207.0
775981,0.10818247498251635,6,5,180.5
364007,0.0,1,1,1338.0
611171,0.07198710779634435,5,3,1536.0
306319,0.1890502912545209,962,13,9.0
689118,0.06808323881004719,3,2,848.0
804784,0.0,1,1,34.0
746896,0.16577349264389757,7,2,4927.0
672123,0.2506642465640098,67,11,202.0
725733,0.19022436549545987,36,11,125.5
599488,0.12514554519968324,15,5,514.0
749687,0.24440471496030539,63426,22,733.0
811389,0.07868406815307696,8,3,175.0
613950,0.21495763159960743,181,11,304.0
595740,0.19450976840169382,13,8,142.0
595743,0.0,1,1,227.0
738633,0.002655031066968544,265,10,7.0
738632,0.07414085557749277,8,2,860.0
696906,0.07414085557749277,2,1,4.5
738638,0.006987330735100261,309,11,7.0
537150,0.2226254288354646,28,8,111.5
355594,0.1723238454748167,17,5,1.0
762909,0.16891382622902495,1632,13,917.5
713511,0.20317278064117453,58,11,555.0
713513,0.05421575455379481,1512,14,153.0
764334,0.18535213894373193,8,3,1275.0
135345,0.18180028178424487,4502,12,233.0
740308,0.17102466662014865,38,7,74.0
544413,0.07414085557749277,2,1,498.5
413079,0.06808323881004719,3,2,42.0
785403,0.27418422170103646,5890,12,160.0
759706,0.06808323881004719,3,3,819.0
710559,0.24293886451008573,1023,10,101.0
631998,0.25654433715659714,472,13,472.0
305995,0.26498941355022587,79,10,411.0
616117,0.0,85573,27,21.0
661965,0.0,1,1,744.0
361389,0.2040081407021172,12,6,227.5
503650,0.0,2,2,338.0
730461,0.16954828725030932,299,13,2.0
813637,0.43363967885230803,259,2,117.0
818626,0.14828171115498553,4,2,376.5
738920,0.07304565694459784,28,1,6.5
673028,0.2294549703196576,228,10,259.5
723894,0.1517885067803809,29,6,478.0
723899,0.2893366095531943,1925,3,12.0
370791,0.07414085557749277,2,2,777.0
452318,0.19213678617423638,56,6,125.0
726552,0.16868079095096378,4963,21,146.0
760984,0.04702825308202997,25,1,69.0
503237,0.22362379257705142,144,3,126.0
785711,0.0,1,1,3125.0
681122,0.19590915959504643,455,10,183.0
496011,0.0,1,1,394.0
730066,0.1602909119813125,13,6,56.0
580967,0.06014885425870377,4,3,839.5
303901,0.0,1,1,1238.0
538724,0.07414085557749277,2,1,89.5
519616,0.2712441868191325,874,21,158.5
702473,0.21523884929557116,24,8,177.0
354645,0.0,1,1,127.0
755677,0.08645469231413125,17,5,2517.0
759177,0.2719146742388005,304,11,229.0
536960,0.1181257543642252,281,12,9.0
748499,0.15825188250978334,265,12,2.0
741309,0.2541565442234792,76,5,418.0
536379,0.0,1,1,2439.0
741307,0.21253558658721866,42,4,356.5
741306,0.14437709332023085,65,4,81.0
758852,0.1598209243899642,8,4,40.0
744772,0.2341379769635995,57,10,681.0
761963,0.16454071384645327,1110,13,2.0
821762,0.0,1,1,2.0
421833,0.0,1,1,984.0
697435,0.2315241137146175,59,6,30.0
653675,0.0,3,2,1686.0
332971,0.10222418786318949,7,4,589.0
804926,0.21267362986037544,21,1,150.0
754656,0.19934493964128147,3366,14,56.0
726387,0.1517247639013527,10,1,686.5
349507,0.19893703560399995,58,9,38.0
726383,0.12994781036729924,9,2,271.0
745174,0.2734877649416851,848,21,1518.5
723473,0.16577349264389757,7,2,92.0
117088,0.17561197165730552,23,9,265.0
657573,0.0,2,1,22.0
624426,0.1807550734705733,64,3,53.0
745778,0.21146580878109938,16,6,141.0
327695,0.12823209306875094,12,6,552.0
705735,0.19213678617423638,56,6,125.0
592199,0.06808323881004719,3,3,86.0
650399,0.0,3,2,441.0
488421,0.131493860671368,25,7,101.0
725649,0.1573215644288683,10,4,526.0
610601,0.1485554107531122,64,12,215.0
377783,0.271556063647802,649,15,403.0
780611,0.1927628150481717,79,9,527.0
754037,0.06348283467619947,3906,17,1369.0
702651,0.24335761979050352,317,8,45.5
339165,0.2040081407021172,12,6,227.5
765486,0.16266997348219508,162,3,1.0
754039,0.06348283467619947,3906,17,1369.0
765482,0.11679198422016009,6399,5,24.0
763184,0.14785906942521992,18,3,169.5
345529,0.08576463292463568,10,4,32.0
741053,0.1602157233496762,10,5,104.0
348126,0.0,1,1,501.0
702493,0.15982092438996423,8,4,87.5
745512,0.25055047415689524,31169,10,514.0
646952,0.23048130477283696,20,8,119.5
578045,0.28517830394083965,20,2,39.5
753093,0.0,3,1,322.0
753095,0.11751047586170903,3,2,260.0
199550,0.21987093028172602,19,9,75.0
567606,0.2528457536808887,113,13,101.0
780549,0.0,74102,26,20.0
735943,0.1526422233039816,9,5,139.5
736568,0.15903025491408854,70,5,611.5
817510,0.0,1,1,43.0
816654,0.2657630065906092,2532,10,257.5
817514,0.20781341634310668,581,5,31.0
709712,0.1503440240994717,356,14,303.0
806174,0.0,1,1,32.0
806176,0.17340862221051864,44,1,751.5
564206,0.271556063647802,649,15,403.0
768629,0.16115311237713506,651,14,229.0
754095,0.06362938349877928,3961,17,1363.5
387460,0.1551228262224999,15,7,446.0
752387,0.2529770178379214,2969,18,242.0
663447,0.22531778898363583,5511,21,72.0
626052,0.13898903921484768,21,7,277.0
671284,0.0,1,1,171.0
613728,0.23114444325709554,232,12,95.0
671281,0.23798229470802945,26,8,257.5
106650,0.07313452163261204,9,6,11.0
737949,0.05119997514164449,5554,14,2.0
808338,0.16333759152971364,21,3,471.5
708248,0.06843020356779501,766,14,1.0
670270,0.0,33,3,1198.0
808115,0.28453796689727623,417,7,290.0
775193,0.24293886451008573,1023,10,101.0
752164,0.19391203646665775,129,12,202.0
803536,0.32730710014404457,4338,12,262.0
774357,0.15699270275112864,12,3,75.5
313086,0.22536099451596664,21,7,269.0
696386,0.053524366620378426,5,5,144.0
800327,0.02431507202855474,788,7,316.0
787803,0.21495418527771243,60,6,83.0
781259,0.3370216157082807,980,6,37.5
546565,0.20601197921957995,38,8,38.0
793987,0.0,1,1,675.0
739023,0.20767634490622774,44,4,62.0
725540,0.0,10,1,73.5
814096,0.0,1,1,32.0
710160,0.2554280600816907,813,17,531.0
546764,0.07414085557749277,2,1,498.5
583555,0.0,4,2,4.0
718145,0.27161345871323145,648,14,400.5
775512,0.2766976983283578,1676,13,96.0
746085,0.1573043274870316,38,9,1.0
653789,0.18918831884236956,58,4,40.5
746086,0.21621352852518622,77,1,153.0
758713,0.1602157233496762,10,5,104.0
724235,0.20443994765589787,183,7,112.0
782501,0.23085252637254788,35,8,418.0
148889,0.06405079895394777,56,4,338.5
706138,0.2201156051000497,25,4,503.0
479353,0.14828171115498553,4,3,656.0
694992,0.2466264690879884,678,13,2045.5
614286,0.23251675873215985,82,9,124.0
561277,0.2345619306590864,39,8,418.0
750942,0.20447848989268924,42,6,453.0
607053,0.1598209243899642,8,6,82.5
387955,0.07414085557749277,2,1,498.5
643669,0.2286857957841219,7581,24,438.0
607057,0.22004862821066004,129,14,462.0
637078,0.14828171115498553,4,2,49.5
778445,0.09426189807095989,6061,10,343.0
569849,0.11121128336623914,4,2,291.0
620280,0.08636661488472394,782,10,3578.0
778442,0.21362675512491874,17305,7,272.0
788105,0.0,8,4,1121.0
696175,0.07414085557749277,2,2,99.5
731813,0.2117009495254364,12,6,69.0
738311,0.03258468263409115,11,1,2.0
817386,0.23832589840972357,394,6,103.0
734156,0.11751047586170903,3,2,36.5
727948,0.0,10,1,47.0
760357,0.18327906924485293,21602,12,4.0
812481,0.24801916710369298,95,3,8.0
693983,0.0,1,1,984.0
77362,0.06808323881004719,3,2,4156.0
159468,0.14828171115498553,4,4,60.5
706004,0.05421575455379481,1512,14,153.0
706007,0.19024823314404488,156,5,6.0
747447,0.2084525031119548,3679,16,57.0
740729,0.15353460186186896,24,1,149.5
650839,0.14249339331336974,5,4,43.0
751830,0.0699810182975741,2368,14,63.0
812559,0.16693771291337084,6,1,52.5
803794,0.03432105168992232,2750,4,71.5
803791,0.36722380269284394,40,3,56.0
751839,0.19320229089665858,973,4,121.0
478478,0.0,1,1,24.0
795591,0.1975481450342516,14,1,48.5
551705,0.258527111769683,31,9,104.0
760403,0.11482898201724902,8,3,340.0
819630,0.0,1,1,24.0
607305,0.1573215644288683,10,5,53.5
524671,0.07414085557749277,2,2,12125.5
390032,0.11647162114284,10,5,125.5
763297,0.22199751947493154,8424,4,368.0
370789,0.12823209306875094,12,6,552.0
706140,0.2621045224163981,3453,11,325.0
752286,0.0,1,1,4720.0
758537,0.234979962740281,24,3,224.0
720480,0.20658175390648434,81,8,127.0
783271,0.10634636309500754,4289,12,219.0
383977,0.1573215644288683,10,5,53.5
681135,0.19266922187773042,445,12,158.0
366956,0.2593128164262213,160,10,193.0
619045,0.0,1,1,318.0
733092,0.12403268630694045,11,4,399.0
736099,0.15698171113153286,42,1,4.0
687367,0.0558696449186557,799,17,4.0
590721,0.13846797458212753,11,3,61.0
750051,0.23082330602667786,8591,6,5.0
661158,0.07414085557749277,2,2,194.0
707147,0.11121128336623914,4,3,158.0
679905,0.21345559516228962,175,11,198.0
761004,0.2924579093676352,127,13,14.0
555563,0.11283705108237263,5,4,153.0
761003,0.29417355543229373,232,7,18.0
614713,0.271556063647802,649,15,403.0
378682,0.15982092438996423,8,4,78.5
389194,0.1573215644288683,10,5,53.5
733322,0.16204611276038305,121,4,16.0
733323,0.16204611276038305,121,4,16.0
733324,0.16204611276038305,121,4,16.0
733325,0.16204611276038305,121,4,16.0
776088,0.20630418251430604,289,11,323.0
617718,0.14828171115498553,4,2,28.0
662941,0.06808323881004719,3,3,23.0
723445,0.2202113543766923,24,4,162.5
751959,0.16308673510474894,13,6,1638.0
674568,0.23114444325709554,232,12,95.0
783496,0.0,1,1,325.0
623168,0.15886496052390106,301,12,413.0
726395,0.20897168230954674,3712,16,57.0
749578,0.004082149149468674,764,14,154.0
623161,0.2277775889428751,517,18,86.0
711926,0.1268152242392906,56,1,3.5
486269,0.0,8,6,549.0
671279,0.0,2,2,37.5
623185,0.1598231883197425,70,11,269.5
671271,0.06808323881004719,3,3,418.0
305181,0.0,1,1,731.0
671276,0.24611214916957586,27,8,295.0
623188,0.1503831061660502,22,5,1461.5
302536,0.0,1,1,145.0
791589,0.23146242000636108,10,2,1304.0
636442,0.0,1,1,28.0
597535,0.2091043142437934,77,8,1272.0
626841,0.14538755223417765,10,1,228.5
587806,0.20658175390648434,81,8,127.0
587807,0.07414085557749277,2,2,471.5
702487,0.23441886604552967,4089,21,124.0
702481,0.13052460774678953,13,5,662.0
743189,0.16340021261474807,29,1,493.5
754286,0.0,2,1,575.5
602157,0.14927488171589004,48,7,1129.0
579558,0.276973991714341,942,15,239.0
720991,0.22015307210664628,18,8,490.0
743593,0.14828171115498553,4,3,101.5
773962,0.0,1,1,93480.0
478527,0.19730559152513025,13,5,101.0
773964,0.21073581730279872,14,6,4460.0
734718,0.18138676276132495,12148,23,2654.5
724953,0.032100834249180546,270,13,31.0
802510,0.46624545668164513,130,5,44.0
781645,0.2088058656383051,18,6,285.0
610709,0.16952812617198765,64,8,129.5
626606,0.11751047586170903,6,3,998.5
817509,0.1452560542315851,14,1,326.0
474080,0.11283705108237263,5,4,153.0
649005,0.06014885425870377,4,3,839.5
683664,0.22376739945213375,252,13,160.0
668438,0.19734604652389562,78,10,100.5
745343,0.01341170117886804,174,4,224.5
742426,0.07901433346257142,1211,5,3.0
790180,0.2436872311373578,12197,11,89.0
719795,0.23158787558537355,511,4,32.0
619601,0.0,1,1,114.0
608021,0.25984962968086966,1510,20,34.0
752379,0.2202113543766923,24,4,162.5
769565,0.15599560140852975,21,4,85.0
769564,0.23305552303977822,74,10,662.0
596863,0.2286857957841219,7581,24,438.0
758855,0.266408089101322,25,9,21.0
758854,0.2551462211260338,89,4,227.0
587064,0.07414085557749277,2,2,553.0
437142,0.17214973554436686,10,5,153.0
591664,0.0,1,1,121.0
803125,0.07414085557749277,2,1,760.0
737953,0.09881327567590348,1025,12,3.0
737952,0.0,119,8,5.0
808324,0.1890779995918031,69,8,346.0
737957,0.1210338983135888,73,6,2.0
736421,0.21696883237713566,9199,17,53.0
736422,0.1517247639013527,10,4,5.5
682621,0.0,1,1,379.0
613716,0.14355731678338313,16,5,3.0
721667,0.17236450233468778,154,4,23.5
363272,0.17835613828433738,8,5,119.0
772168,0.20784530954806438,76,1,73.5
561566,0.0,1,1,143.0
665940,0.2040081407021172,12,6,236.5
596484,0.11121128336623914,4,2,771.5
823423,0.10164345002734144,5,2,12285.0
657962,0.2048578559561917,95,10,431.0
664916,0.07414085557749277,2,2,22546.0
761485,0.11121128336623914,4,3,15874.0
601543,0.06808323881004719,3,1,95.0
735032,0.2202113543766923,24,4,162.5
781265,0.20605637145002353,21,6,537.0
619048,0.2528512529959074,17,1,383.0
786815,0.2136062995864762,1873,14,1.0
619043,0.14828171115498553,4,4,353.5
691370,0.19165133143920177,12,6,176.5
752287,0.2219901080998205,4833,12,3.0
619044,0.0,1,1,114.0
398733,0.19730559152513025,13,5,101.0
764399,0.06808323881004719,6,2,101.0
640272,0.14642355605118654,9,5,162.0
676023,0.2630809927044064,30,7,279.5
717658,0.27601468450153355,28332,18,9.0
695261,0.17043687048766565,14,7,90.5
698349,0.053524366620378426,5,5,144.0
727759,0.157129223562347,37,1,137.0
497573,0.13289609350834727,6,2,573.0
757506,0.023397034150379074,177,2,53.5
646302,0.06014885425870377,4,3,30.0
756059,0.0,25,7,5.0
598052,0.08952647322413103,12,5,1313.5
585314,0.06014885425870377,4,3,839.5
795900,0.09823746482027414,12,6,5.0
803495,0.0,1,1,32.0
814886,0.11751047586170901,12,2,22.0
764392,0.0,1,1,1111.0
711794,0.2481791377609593,160,9,285.5
777907,0.22903604240241884,2357,14,339.5
786986,0.21512353337216228,17203,8,21.0
778459,0.20760178968751336,2530,14,38.0
645773,0.044295804344314474,32,4,98.5
787700,0.25879108676262336,1298,13,9.0
713209,0.26024745537637173,390,11,266.5
100222,0.2315241137146175,59,6,30.0
777695,0.0,1,1,320.0
738653,0.2912413064868584,158,9,361.0
738307,0.16653698212073292,69,1,1.0
738306,0.18247710862800462,371,6,342.0
771535,0.0,1,1,371.0
738308,0.18789098969796614,21,1,3.0
692283,0.0,1,1,984.0
789423,0.045549876358714304,18,2,56.0
751139,0.12296590778638558,84,6,1324.5
765252,0.21636910326899575,69,6,987.0
629120,0.11751047586170903,3,3,525.0
394980,0.20386315464490415,43,8,369.0
747602,0.17214973554436686,5,2,1511.0
507015,0.0,1,1,50.0
350370,0.2522058538415082,40,7,237.5
811612,0.07414085557749277,2,2,153.0
804458,0.10164345002734144,5,2,4.0
344557,0.17726068005414855,19,9,515.0
537379,0.09279685733587809,6,3,6.0
338129,0.271556063647802,649,15,403.0
503418,0.16381838322109574,19,5,19.0
767741,0.20212551809903548,161,11,8.0
751829,0.0,1,1,11.0
556829,0.11283705108237263,5,4,153.0
789735,0.11695025140398542,28,7,14.5
750198,0.18742331025383868,49286,23,42.0
808411,0.0,1,1,6940.0
596710,0.0,1,1,351.0
503679,0.1560473156710337,21,4,106.0
733793,0.19494259288852586,145,12,173.0
792825,0.3997534259647542,1328,10,16.0
750195,0.1452080523618996,22,4,248.0
750197,0.19335563507472056,31500,17,1271.0
792004,0.12974649726061233,8,1,757.0
782264,0.0,2,1,1240.5
782267,0.07414085557749277,2,1,39888.0
361617,0.0,1,1,159.0
812585,0.08517559901363139,7,2,96.5
738279,0.2202113543766923,24,4,162.5
503384,0.06531191590515915,126,8,1018.0
723870,0.18822816630399744,52,1,58.0
169951,0.23667873388307253,54,9,54.5
642329,0.0,1,1,1238.0
785778,0.13406304591486345,171,2,2377.0
712791,0.19464229983103648,115,5,6.0
733086,0.13938220975432533,9,1,1087.0
544991,0.0,1,1,1057.0
400180,0.19893703560399995,58,9,38.0
750069,0.20642176306935545,20,7,53.0
400185,0.25944842214698355,158,10,207.0
649028,0.0,1,1,89.0
695875,0.2277182762750254,98,8,178.5
605290,0.23114444325709554,232,12,95.0
238322,0.08968830867161143,589,9,3668.0
358173,0.18672476907938546,456,9,61.5
736220,0.1506891222310891,98,1,21.0
612383,0.2715235228761882,650,15,400.5
762700,0.188653727933308,19,7,368.0
563358,0.053524366620378426,5,2,34.0
679933,0.0,2,1,648.5
612546,0.0,33,3,1198.0
612547,0.06808323881004719,3,3,7.0
751507,0.23048130477283696,20,8,119.5
605452,0.25654433715659714,472,13,472.0
625351,0.2012486312442243,30,8,56.0
776472,0.07414085557749277,2,1,61.0
730688,0.224852747802341,305,3,25.0
813610,0.13919108319706835,14,3,2.0
624510,0.11751047586170903,3,3,499.0
559074,0.0,1,1,2.0
428263,0.1551228262224999,15,7,446.0
813619,0.20806504840031606,148,8,374.0
740850,0.06808323881004719,3,1,519.0
407749,0.22015307210664628,18,8,490.0
424770,0.2097772225937027,92,8,129.0
570715,0.13560175302588456,62,10,213.5
741504,0.25412917748613323,182,11,326.5
817759,0.06808323881004719,3,1,23.0
733333,0.25240964443751923,2483,23,9.0
660850,0.24125420529086403,63,11,420.0
715097,0.18535162357776866,2513,13,170.0
813475,0.06808323881004719,3,2,6.0
813474,0.0,1,1,9.0
776253,0.28072071281911026,201,1,4.0
669557,0.10818247498251635,6,5,29.0
741183,0.0,1,1,4453.0
715657,0.16954828725030932,299,13,2.0
581785,0.07414085557749277,2,2,233.0
765712,0.21050637233772612,1357,1,187.0
612096,0.18535162357776866,2513,13,170.0
50182,0.19989850436049647,17,6,896.0
741218,0.07414085557749277,2,2,335.5
573369,0.30069124316375045,42,1,20.0
781722,0.1834690911598223,32,7,245.5
773684,0.0,1,1,32.0
734816,0.2910092725441688,525,4,173.0
734815,0.22261871832351898,1173,18,147.0
751131,0.18341345859725816,18,8,227.5
804768,0.04435706596407618,2204,9,85.0
687002,0.1895407173368761,37,8,75.0
741432,0.22369464572549505,140,3,126.0
568487,0.2294549703196576,228,10,259.5
694964,0.2296410920708821,363,6,152.0
613376,0.09629376812287584,8,4,115.5
816758,0.17214973554436686,5,2,3101.0
795685,0.06808323881004719,3,1,344.0
773756,0.06808323881004719,3,3,183.0
563127,0.0,1,1,292.0
244454,0.0,1,1,1508.0
778935,0.05653645976670789,25805,19,93.0
553801,0.08517559901363139,7,4,76.0
589093,0.25984962968086966,1510,20,34.0
633803,0.15240886154539354,352,11,4.0
787044,0.011923141584212128,216,8,763.0
821631,0.22679272906119152,180,7,149.5
821634,0.21914841229528081,41,2,8.0
764396,0.0,1,1,259.0
821637,0.12326682595341547,63,3,5.0
821639,0.03258468263409115,11,1,198.0
746730,0.21679691568755693,1588,7,6.0
473435,0.0,5,1,1.0
787637,0.0,2,2,5.5
745245,0.06690008803686365,109940,23,6.0
812822,0.0,5,1,6.0
488848,0.0,1,1,4.0
683653,0.09279685733587809,6,5,2344.5
604818,0.1179921584076002,18010,20,458.0
589546,0.1640768850230796,126,4,17.5
575013,0.19994075143512904,352,16,279.5
575010,0.2318997033531712,187,13,386.0
610715,0.0,1,1,4.0
589787,0.25944842214698355,158,10,207.0
682839,0.17560428666033506,11,5,60.0
798190,0.18960333760239456,56,6,42.0
752368,0.05334598620396087,6123,23,199.0
97226,0.07414085557749277,2,2,777.0
736436,0.0,6,1,225.0
634920,0.10818247498251635,6,5,29.0
739640,0.2516049504831019,1347,5,62.0
685548,0.20467820053535313,21,7,393.0
514819,0.17967597535242105,30,6,277.0
687991,0.131493860671368,25,7,101.0
767397,0.22872094827554063,1065,6,2436.0
770952,0.24845773996506748,1419,15,36.0
718541,0.19949075063871768,25,5,436.0
818345,0.14896399238539526,81,5,115.0
723110,0.10818247498251635,6,2,407.0
495177,0.07414085557749277,2,1,498.5
295666,0.16421822075258757,60,2,206.5
568460,0.21345559516228962,175,11,198.0
587494,0.0,1,1,18.0
715885,0.2401349102955355,13,6,35.0
768397,0.06808323881004719,3,3,819.0
545333,0.11283705108237263,5,4,153.0
274425,0.06808323881004719,3,2,855.0
781272,0.06808323881004719,3,2,1108.0
531746,0.0,1,1,4.0
763404,0.14828171115498553,4,3,20.0
575462,0.16577349264389757,7,6,10.0
781279,0.20605637145002353,21,6,537.0
800347,0.22538259032584523,1707,8,1211.0
731019,0.14437736444859003,12,1,38.0
496867,0.258527111769683,31,9,104.0
463350,0.0,1,1,3593.0
720234,0.16475518466516176,11,6,849.0
758964,0.1829997925970341,3847,21,1139.0
440195,0.11751047586170903,3,2,241.0
758863,0.10808754144547292,1205,13,28.0
727748,0.0,6,2,581.0
699776,0.1873961786771437,62,8,19.0
777579,0.2574419861832812,329,7,1297.0
822074,0.11121128336623914,4,2,4.0
728030,0.1566806344822787,9,7,156.0
724215,0.252395766382524,872,2,3.0
511835,0.17723535850650493,26,8,74.5
750215,0.05177737646896764,1074,6,113.0
430814,0.20762034464231627,154,10,378.0
785389,0.24357804694037824,6987,6,359.0
725295,0.12286945719712526,306,7,249.5
739944,0.1904767584996529,126,5,111.5
687929,0.20658175390648434,81,8,127.0
487317,0.1791553091402261,40,8,1329.5
756119,0.19867196750609065,574,11,132.0
752325,0.21812220804817192,29,9,389.0
288500,0.06014885425870377,4,1,98.0
762494,0.1989482304476989,33,8,108.0
441559,0.0,1,1,4.0
258843,0.0,1,1,300.0
752326,0.17214973554436686,10,3,95.0
771544,0.24452956000076556,12386,14,89.0
818839,0.0,19898,19,12.0
394970,0.0,1,1,71.0
472450,0.2031142314200628,15,4,862.0
770125,0.1935504303717405,14,6,108.0
717497,0.1563611033433826,574,11,562.0
725182,0.2380793768977858,262,9,149.5
716302,0.25913887728730844,275,6,108.0
736972,0.2364300460748988,76,11,1153.0
751588,0.20508873063497607,230,3,2604.0
591547,0.08636661488472394,782,10,3578.0
606413,0.0,2,2,49462.0
788639,0.16840870213966674,220,7,100.0
339315,0.2040081407021172,12,6,227.5
531961,0.0,1,1,238.0
725619,0.26199893889110243,87,13,260.5
731905,0.20299016046802468,40,9,203.5
712302,0.0,2,1,40.0
584447,0.0,1,1,1.0
777460,0.24089359844740146,6147,12,84.0
368740,0.22979486742964964,23,8,439.0
720734,0.2256520385735254,329,4,24.0
763112,0.240945508176313,54,10,94.0
738204,0.035749177703259125,25,4,70.5
748722,0.11751047586170903,3,1,194.0
59203,0.07414085557749277,2,2,3210.5
748721,0.20577308579838602,137,7,82.0
647424,0.2286857957841219,7581,24,438.0
82401,0.07414085557749277,2,2,155.5
770544,0.0,1,1,734.0
782384,0.11558103658117042,15,7,1399.0
759294,0.17345354303716792,26,2,169.0
527567,0.0,1,1,291.0
631894,0.1573215644288683,10,5,53.5
747006,0.010365676556583174,3099,14,103.0
590529,0.0,1,1,1463.0
433326,0.1573215644288683,10,5,53.5
760957,0.18672476907938546,456,9,61.5
760956,0.19419314408367916,176,11,33.5
760955,0.26607415219298935,896,3,30.0
631149,0.11751047586170901,12,6,332.0
715978,0.0,1,1,44.0
542263,0.0,8,6,549.0
759123,0.0,2,1,1.0
702244,0.09604664949982585,10,3,622.5
750272,0.1982204175952988,198,6,19.0
425499,0.23667873388307253,54,9,54.5
697643,0.11751047586170903,3,2,280.0
702248,0.07181069596131931,1624,15,51.0
765220,0.050448849208326825,1133,3,58.0
508247,0.1869779066598654,10,5,907.5
612554,0.11751047586170903,3,3,59.0
563343,0.0,2,1,528.5
755647,0.03876583998981501,7148,15,7.0
612550,0.17224636583557656,30,8,1.0
760394,0.18490831458230408,2175,20,1364.0
760396,0.25084218750072584,536,9,77.0
760392,0.2601564034634758,50334,18,927.0
730694,0.0,1,1,4.0
730697,0.19022436549545987,36,11,125.5
767878,0.1811316106435238,25,8,19.0
694831,0.24242592654470327,313,7,45.0
817965,0.22326059108081092,276,7,13.0
303821,0.0,1,1,264.0
744728,0.22857274057434177,7569,19,438.0
740847,0.17474442267164847,1194,3,134.5
740846,0.17474442267164847,1194,3,134.5
564279,0.0,1,1,28.0
612086,0.13663030850926236,94,6,5.0
801617,0.29590912851666135,428,10,82.0
73331,0.0,1,1,1721.0
777310,0.08766177699155836,74,2,324.5
776222,0.26088542954121885,1021,11,868.0
776223,0.1367481686132436,11704,16,232.0
641269,0.2286857957841219,7581,24,438.0
799830,0.23383327879175053,214,8,246.0
612089,0.16693771291337084,6,2,2.0
654903,0.2681997145788067,2167,21,411.0
545692,0.07414085557749277,2,1,498.5
726379,0.2844611508143726,1946,17,303.0
737437,0.2649498505583099,2872,14,680.0
736121,0.15698171113153286,42,1,4.0
736123,0.06969640467488053,13092,16,49.0
602225,0.18939473233534268,250,10,213.0
754600,0.0,1,1,978.0
736124,0.1799701163509584,125,1,3.0
749186,0.2469645971985273,73661,8,91.0
629918,0.23348036611622197,67,10,558.0
802040,0.08517559901363139,7,4,16.0
730874,0.18284972917295841,15,1,39.0
806215,0.11541186013173656,7,2,60.0
816765,0.2419908170100451,17,3,161.0
710922,0.25245224669524846,1467,9,62.0
664200,0.14249339331336974,5,3,296.0
481302,0.07414085557749277,2,1,498.5
349463,0.0,1,1,154.0
773765,0.17815968166950497,25468,17,35.0
795675,0.171232953951859,15459,16,5.0
670181,0.15094697064609736,118,10,2.0
801405,0.2528512529959074,17,1,383.0
766877,0.16062685689391756,76,6,428.0
742629,0.2719146742388005,304,11,229.0
514554,0.06014885425870377,4,1,98.0
773562,0.04931723348078906,234,9,67.0
789572,0.2663946490525525,23613,13,7.0
745250,0.2576072198559618,5757,10,219.0
821625,0.3629349105066608,94,1,312.0
668851,0.12041125357339774,408,10,506.0
686457,0.16995465558824072,1179,4,12.0
741718,0.20846623194208677,474,15,3.0
596245,0.16308673510474894,13,6,1638.0
95420,0.18672476907938546,456,9,61.5
596242,0.2286857957841219,7581,24,438.0
712171,0.250990395308046,193,9,270.0
659833,0.10818247498251635,6,5,29.0
756797,0.12994781036729924,9,6,114.0
780392,0.06808323881004719,3,3,136.0
646587,0.240945508176313,54,10,94.0
694603,0.05421575455379481,1512,14,153.0
658589,0.2584489118171601,30,3,44.5
275654,0.11751047586170903,3,2,511.0
604262,0.11751047586170903,3,2,3575.0
634936,0.0,2,1,0.0
586806,0.07414085557749277,2,2,119.5
436817,0.2712441868191325,874,21,158.5
791949,0.02040393576888762,403,9,415.5
716618,0.0,79,2,8.0
577155,0.25984962968086966,1510,20,34.0
509839,0.16475518466516176,11,4,167.0
752828,0.06689351784079407,109937,22,6.0
752829,0.1566806344822787,9,1,75.5
769943,0.0,1,1,156.0
752824,0.18992709515759384,25,6,174.0
785163,0.0,11,1,24.0
772782,0.22965793083020336,37,7,1547.0
134437,0.21301710817360267,13,9,704.0
757800,0.10383437128691946,27,2,200.5
724414,0.20386315464490415,43,8,369.0
773943,0.11121128336623914,4,2,3.0
626989,0.10421528270684464,8,3,440.5
431705,0.17214973554436686,10,5,153.0
523423,0.07414085557749277,2,1,498.5
619060,0.06808323881004719,3,3,1043.0
700596,0.14222409438753994,6,4,223.5
482783,0.258527111769683,31,9,104.0
331446,0.25944842214698355,158,10,207.0
433594,0.0,1,1,41.0
710136,0.1274524729514132,59,1,75.0
552960,0.06531191590515915,126,8,1018.0
725865,0.0,2,1,40.0
557107,0.07414085557749277,2,2,2575.5
735012,0.13444290711512344,28,8,251.5
721351,0.16283073173003149,140,3,14.0
343280,0.1545809036504554,12,6,53.5
384937,0.0,1,1,251.0
739074,0.22203068952983485,8435,7,367.0
758872,0.14794568905886446,14633,18,470.0
768833,0.1384679745821275,11,4,132.0
703402,0.07414085557749277,2,2,2145.5
758875,0.18266862362714353,328,12,66.5
695246,0.0,1,1,81.0
637396,0.0,1,1,3.0
775030,0.18087449531547412,665,8,178.5
752000,0.06617715821618762,4102,18,1347.0
456196,0.16577349264389757,7,4,392.0
653820,0.0,1,1,4.0
529087,0.15982092438996423,8,6,301.0
707613,0.23756197328102785,43,8,67.0
692735,0.13591547755233002,20,4,873.0
695029,0.0,1,1,238.0
707619,0.14962147597186298,23320,21,51.0
479567,0.07414085557749277,2,1,498.5
763702,0.2452622595342012,70625,7,91.0
604449,0.2715235228761882,650,15,400.5
782422,0.0,1,1,13.0
430800,0.0,1,1,1.0
819331,0.10818247498251636,6,2,18.0
819337,0.07414085557749277,2,1,474.5
720353,0.2503787590318519,8972,22,12.0
677400,0.2712441868191325,874,21,158.5
526976,0.053524366620378426,5,1,1.0
785370,0.1395965594913987,16,3,737.0
757739,0.17185485754904664,23,4,87.0
758617,0.2716890006117444,14,5,711.0
789396,0.1482817111549855,8,5,155.5
789397,0.0,1,1,270.0
774070,0.261306036685751,7556,7,801.0
76226,0.06531191590515915,126,8,1018.0
774072,0.2043361951275186,3578,4,84.0
574727,0.23348036611622197,67,10,558.0
695068,0.23564767326774408,338,7,44.0
803613,0.2466192066047106,19,1,64.0
588158,0.1989482304476989,33,8,108.0
734167,0.24582558727719916,323,11,256.0
778492,0.30176679389632627,7061,12,214.0
630137,0.1973092392774241,1805,19,245.0
781364,0.2528713784108849,407,9,103.0
681099,0.11121128336623914,4,2,1358.0
819481,0.11751047586170903,3,1,21.0
79371,0.0,1,1,24.0
606421,0.2715235228761882,650,15,400.5
819464,0.07414085557749277,2,1,474.5
774670,0.0,1,1,1207.0
359371,0.07414085557749277,2,2,589.5
795892,0.0,1,1,779.0
373533,0.07414085557749277,2,2,99.5
809277,0.08441558376502861,44,5,998.5
722851,0.0,6,1,23.5
777789,0.06808323881004719,3,2,29.0
694775,0.13289609350834727,6,3,118.5
706136,0.2201156051000497,25,4,503.0
378325,0.19747659729986372,11,6,307.0
603146,0.2698574218194002,239,13,16.0
87610,0.0,2,2,159.5
737088,0.06939693925776894,854,12,5.0
625753,0.05266960086155813,37,7,1.0
299419,0.0,1,1,662.0
713488,0.14828171115498553,4,3,90.0
740727,0.010626695542839987,3086,19,234.0
764051,0.10725339743061686,9,3,1527.0
702112,0.0,1,1,0.0
558955,0.06835253773587699,10,3,0.0
785596,0.27403013567796575,324,7,227.0
785597,0.24084032800723645,3127,15,7.0
791950,0.02931251841028569,1600,8,512.0
789885,0.12431471798652932,11,2,4.0
502678,0.12823209306875094,12,6,552.0
527555,0.2443824063686437,97,8,173.0
725081,0.0,28,6,2568.5
577677,0.20386315464490415,43,8,369.0
145147,0.0,1,1,1202.0
740329,0.2503754553960767,579,4,284.0
84832,0.1598209243899642,8,5,127.5
744286,0.08002690544366278,9322,25,292.5
697654,0.19689135217871057,16,9,73.5
779849,0.2638397451832528,1885,15,366.0
535914,0.11121128336623914,4,3,274.5
716218,0.05532350397050095,1465,14,158.0
780578,0.2623808202715074,450,13,342.0
705931,0.15760971203417817,12,8,401.0
589207,0.30228813287371925,93,2,123.0
593374,0.1573215644288683,10,5,53.5
613954,0.11121128336623914,4,4,1176.0
634256,0.2437426433433506,67,10,520.0
785626,0.10094867104084873,5181,8,335.0
570863,0.15599560140852975,21,4,85.0
785629,0.14249339331336974,5,3,114.5
245295,0.1488641664385853,16,7,224.5
642763,0.0,1,1,1.0
764394,0.0,1,1,24.0
764397,0.0,1,1,219.0
687554,0.24242592654470327,313,7,45.0
807976,0.22413055448108093,21,4,37.0
678181,0.18535213894373193,8,5,299.5
292033,0.07414085557749277,2,2,1303.0
610551,0.0,86065,30,21.0
773177,0.19722429580737388,17,1,4.0
757853,0.23811438276330868,118,9,226.0
782931,0.19339335184901335,16,6,414.0
782933,0.0,1,1,1189.0
366320,0.0,2,2,82.5
732359,0.21432591307839657,4572,5,282.0
647623,0.2286857957841219,7581,24,438.0
670267,0.0,1,1,10.0
592829,0.07414085557749277,2,2,300.5
763200,0.25486481862004484,80,4,253.0
635477,0.2286857957841219,7581,24,438.0
807606,0.2603403489178987,15542,10,2.0
372373,0.07414085557749277,2,2,221.0
441133,0.18695659423746694,7,4,110.0
500103,0.2222584009963285,61,5,723.0
500105,0.2130474735038502,493,10,996.0
709748,0.2522058538415082,40,7,237.5
667901,0.2165515492700811,59,8,2.0
749082,0.07658308493820155,208,3,5.0
665257,0.07414085557749277,2,2,119.5
301097,0.06808323881004719,3,3,113.0
716443,0.0,37849,21,15.0
440473,0.1179921584076002,18010,20,458.0
717807,0.13659496172530594,7,3,189.0
781676,0.16163707911314673,6484,4,234.0
514766,0.07414085557749277,2,1,259.0
250900,0.18888028617038674,26,5,37.5
619455,0.10222418786318949,7,4,1622.0
704847,0.0,1,1,1474.0
746938,0.20240547568997194,8060,11,2730.0
752901,0.0,1,1,1.0
611602,0.2683232323063746,1016,14,186.0
739488,0.16562264710854369,89,3,40.0
617297,0.2289245999783686,88,4,85.0
655561,0.2681997145788067,2167,21,411.0
741189,0.1602157233496762,10,5,104.0
811366,0.2510363312332858,33,4,2.0
587304,0.15982092438996423,8,4,87.5
781450,0.21634940259781874,31,8,495.0
805421,0.22233197583446923,32,3,97.0
761706,0.20258836630978225,2634,7,94.0
584651,0.06014885425870377,4,3,839.5
768006,0.06808323881004719,12,6,120.5
768000,0.24642186973872476,36674,21,248.0
701352,0.15777806331887528,7,3,3.0
790139,0.3246993404447747,2308,5,28.0
557070,0.10818247498251636,6,4,7.0
682616,0.15549796161314608,47,7,584.0
720100,0.13659496172530594,7,4,79.0
791958,0.34539166645686953,191,8,4.0
465832,0.1696182423726901,13,7,847.0
735349,0.0,5,2,1.0
775095,0.24696829865848274,1391,16,37.0
808378,0.05402750499610667,8318,13,127.0
692961,0.17680346143451975,538,6,10.0
736695,0.2345619306590864,39,8,418.0
808375,0.18517150581249328,3034,7,443.0
546615,0.19893703560399995,58,9,38.0
752830,0.21185934789756158,1753,16,4.0
773952,0.08165788138924629,95,2,29.0
734129,0.3144854391833918,32,10,785.5
583777,0.20658175390648434,81,8,127.0
703563,0.23251675873215985,82,9,124.0
654462,0.11751047586170903,3,2,924.0
307826,0.25944842214698355,158,10,207.0
615293,0.0,1,1,2837.0
395575,0.25944842214698355,158,10,207.0
779447,0.16895079515831513,39,7,31.0
432114,0.1573215644288683,10,5,53.5
691546,0.19213678617423638,56,6,125.0
721349,0.2005165314117948,17,3,129.0
721344,0.16477952889552666,116,3,19.0
721347,0.19496946588866068,605,14,22.0
721346,0.21337854492958494,178,3,18.0
804066,0.0,1,1,8.0
721342,0.23920579059153438,167,3,47.0
325730,0.0,1,1,8.0
785022,0.1945527794835801,24431,19,236.0
540187,0.07414085557749277,2,1,498.5
746517,0.24454361105764583,12398,14,89.0
703415,0.18106156713821736,90,6,515.0
772047,0.20712576840562477,7197,22,67.0
736859,0.1402790187309185,2326,20,42.0
736858,0.07414085557749277,2,1,8.0
779207,0.0,1,1,79.0
736855,0.23293609635667542,922,15,630.0
736857,0.07414085557749277,2,1,1.0
265899,0.16577349264389757,7,4,141.0
736850,0.17292470925147685,30,1,26.5
736853,0.0,3,1,1.0
736852,0.10725339743061686,9,7,316.0
707662,0.1598209243899642,8,4,40.0
360599,0.07414085557749277,2,2,155.5
636921,0.2204620795337493,15,5,79.0
803262,0.242140870054748,20,2,71.5
803267,0.07414085557749277,2,1,95.0
753834,0.22191909822405229,1875,8,21.0
789413,0.05161748530826101,5470,14,2.0
530567,0.0,1,1,291.0
786826,0.06419535042571242,11,3,139.0
760031,0.0,7,1,130.0
694818,0.0,2,1,417.0
743221,0.0,85577,27,21.0
620794,0.148375092487186,14678,22,470.0
228630,0.0,1,1,1.0
819329,0.512160628942902,2256,1,45.0
760039,0.22180384657851454,87,10,315.0
785366,0.1830254501698571,738,8,23.5
687908,0.05421575455379481,1512,14,153.0
677416,0.24589647939115203,39,10,462.0
620402,0.19924043150986925,19,4,38.0
631999,0.17446448389298694,24,8,386.5
620405,0.12974649726061233,8,5,219.5
788436,0.0,1,1,67.0
585921,0.0,5,1,133.0
106097,0.0,1,1,20.0
713569,0.11331043248772592,294,3,39.5
700594,0.255097306067316,186,13,321.5
751479,0.23530787233067482,32,3,28.0
692149,0.23443290946844741,32779,17,21.0
798420,0.0,38881,22,15.0
738198,0.154869693526415,2328,8,346.0
738199,0.006246829387474241,1405,14,3.0
769263,0.4449438315899997,108,7,7.0
580151,0.1395078454202194,55,7,157.0
789251,0.0,64455,25,19.0
736526,0.2026308023096753,836,6,7.0
751879,0.2202113543766923,24,4,162.5
108098,0.14249339331336974,5,4,1.0
544446,0.07414085557749277,2,1,498.5
751058,0.2900278908949431,294,9,67.0
613838,0.09629376812287582,8,4,89.5
778175,0.2876270845257956,46710,18,6.0
819477,0.11751047586170903,3,1,51.5
341595,0.0,1,1,2.0
815141,0.2726229864993901,188,4,313.0
717663,0.2574505738546456,676,15,65.5
770364,0.1598209243899642,8,5,573.0
776082,0.09869301538927441,403,16,16.0
729368,0.26883713483773164,2218,19,411.0
612402,0.07414085557749277,2,2,6996.5
589329,0.1888253851584653,21,7,94.0
351328,0.13594509382849027,18,7,122.0
748701,0.10524711851651816,13,1,143.0
343510,0.07414085557749277,2,2,350.0
354924,0.17723535850650493,26,8,74.5
642805,0.15240886154539354,352,11,4.0
740731,0.2065641002866609,470,5,355.0
537033,0.19620927724784837,10,5,247.0
740732,0.2584189708559709,643,16,140.0
712564,0.16909036658715812,202,3,18.0
763912,0.03289122576812015,47,1,7.0
700990,0.0,1,1,2.0
798779,0.16026901921476994,78,4,8.0
722083,0.0,85935,30,21.0
625783,0.10818247498251635,6,4,381.0
373344,0.18695659423746694,7,5,180.0
616400,0.0,8,6,549.0
551326,0.11121128336623914,4,4,64.0
776331,0.16040450165484602,10308,9,375.0
704698,0.09279685733587809,6,4,158.0
776334,0.13460873070298568,32283,8,350.5
776336,0.07414085557749277,2,2,9.0
711853,0.18832651625226285,168,3,64.0
779832,0.0,1,1,1485.0
524709,0.23627400640838886,655,17,4.0
761041,0.1422956108059068,30050,18,891.0
759109,0.24890733417098834,82703,18,270.0
732901,0.29139272063659605,31932,27,10.0
779835,0.0,1,1,32.0
647500,0.09629376812287584,8,4,74.5
524706,0.11751047586170903,3,3,55.0
524707,0.1589210003352299,26,5,1.5
334515,0.271556063647802,649,15,403.0
713583,0.05421575455379481,1512,14,153.0
713580,0.05421575455379481,1512,14,153.0
544610,0.18475991592060426,38,4,2.0
713588,0.09086845588668345,1853,7,197.0
713589,0.1503440240994717,356,14,303.0
699867,0.07414085557749277,2,2,849.5
133009,0.0,1,1,226.0
634248,0.1678407490159032,14,6,39.5
100216,0.0,1,1,3137.0
466659,0.0,2,1,528.5
817946,0.20469288138157335,437,9,2.0
711988,0.11843665992180723,64,2,111.0
784360,0.2737419278134596,3761,18,4.0
780889,0.24265588431041568,1141,11,307.0
672789,0.20616673489706983,64,7,168.5
737452,0.2649498505583099,2872,14,680.0
672787,0.19282374927657076,405,12,296.0
808027,0.07414085557749277,4,1,190.0
754377,0.0,6,1,82.0
575800,0.09629376812287582,8,4,89.5
309120,0.205946749404726,17,7,226.0
808029,0.3166626454594301,78,4,136.0
253625,0.25890255897457587,28,8,108.5
683026,0.0,5,4,230.0
348062,0.10741643080671429,7,1,659.0
150464,0.07414085557749277,2,2,666.5
348887,0.07414085557749277,2,2,155.5
771812,0.16896890329045902,34,10,0.0
772306,0.17560615862467394,26,7,462.0
766413,0.0,1,1,773.0
549119,0.2528457536808887,113,13,101.0
763175,0.2121332094448941,23245,5,381.0
673543,0.07414085557749277,2,1,31429.0
628715,0.2760319057827146,25,3,9.0
586004,0.06808323881004719,3,3,86.0
765615,0.0,1,1,32.0
505188,0.14249339331336974,5,3,110.0
762562,0.22525762541561004,472,13,3.0
761998,0.2608421059739646,10182,21,217.0
742602,0.19689135217871057,16,5,300.5
536074,0.053524366620378426,5,5,144.0
608998,0.1497017651648941,17,6,541.0
618118,0.23114444325709554,232,12,95.0
422118,0.16909954812853575,23,6,7.0
709832,0.05421575455379481,1512,14,153.0
731296,0.16204611276038305,121,4,16.0
731293,0.260095712960999,4334,10,218.0
812873,0.17403332169014957,31,2,78.0
749543,0.21941248625315568,2017,8,21.0
767713,0.1795433238197192,20880,12,4.0
345139,0.18719917080246742,457,9,62.0
654073,0.22294101263047597,81,11,102.0
707095,0.0,1,1,3.0
801516,0.23402590087604616,579,5,958.0
707097,0.2092389850091469,17,6,1725.0
745243,0.21327750246209623,25293,5,346.0
404209,0.18672476907938546,456,9,61.5
654094,0.1181257543642252,281,12,9.0
679379,0.08548136043212495,2750,11,673.5
742399,0.1608800961459253,18,1,231.0
797302,0.21095675285940788,11,2,31.0
609793,0.16014839227260314,384,8,1365.5
805296,0.19165133143920177,12,3,106.0
791437,0.24942879284752564,223,10,398.0
810659,0.0,1,1,555.0
675260,0.21811878659641198,25672,14,308.0
819327,0.07414085557749277,2,1,6.0
736666,0.0,343,8,2.0
589469,0.20202563530558773,25,6,231.0
700191,0.14828171115498553,4,3,1331.5
700193,0.0,1,1,119.0
700197,0.18342655073495617,372,7,339.5
757051,0.08564175774277283,200,5,977.0
768726,0.21933419712378807,23,4,149.0
254161,0.08636661488472394,782,10,3578.0
604994,0.053524366620378426,5,4,3.0
615993,0.2286857957841219,7581,24,438.0
679202,0.2036921271652919,61,8,252.0
608378,0.20044420138226154,22,9,161.0
752240,0.19337221930829332,35,8,73.0
520650,0.2712441868191325,874,21,158.5
219006,0.07414085557749277,2,2,300.5
670842,0.0,1,1,200.0
59686,0.16421822075258757,60,2,206.5
771027,0.0,1,1,2.0
682573,0.26151464070846603,1514,21,34.0
611473,0.13663030850926236,94,6,5.0
767298,0.19620514981526704,604,4,6.0
746076,0.2202113543766923,24,4,162.5
636482,0.2315241137146175,59,6,30.0
812895,0.17214973554436686,5,2,2.0
758898,0.11382721723123312,286,8,263.5
596825,0.0,1,1,16.0
596826,0.0,1,1,32.0
719442,0.0,2,2,28455.0
772059,0.17576142720901197,1779,8,1588.0
751682,0.21599546697712324,213,11,255.0
721086,0.22884672616299606,169,5,1.0
769671,0.05537068936970592,1103,5,365.0
665420,0.12168163398843884,188,11,1.0
585598,0.10164345002734144,5,4,90.0
363813,0.2331008880417226,35,8,313.0
677425,0.21704257185351677,214,12,255.5
691281,0.16693771291337084,6,5,212.0
781337,0.24027150892985066,230,4,136.5
786454,0.22002276734000162,2082,10,1.0
675490,0.07414085557749277,2,2,119.5
775271,0.11972377312357894,12124,15,44.0
610227,0.23667873388307253,54,9,54.5
628794,0.08517559901363139,7,2,105.0
757303,0.0,15,1,2093.0
788427,0.0,1,1,226.0
774306,0.18530258081566847,377,5,5.0
774304,0.2560905587428544,1291,10,125.0
728687,0.13963984399345228,31,7,16.0
771774,0.2637078406749836,56618,15,8.0
811653,0.5192660103391962,286,10,42.0
811654,0.07868406815307696,8,1,11.0
818808,0.0,1,1,1.0
746813,0.17214973554436686,5,4,582.0
777652,0.07414085557749277,2,1,503.0
502505,0.12823209306875094,12,6,552.0
738188,0.026978507750886283,456,10,5.0
604734,0.14828171115498553,4,2,28.0
758588,0.23547769813845265,357,14,400.0
729177,0.25563351058057776,1478,17,34.0
610826,0.16224249614709976,95,9,234.0
594702,0.0,1,1,22.0
726685,0.14482690276280288,6600,24,97.0
618832,0.1855937146717562,9,7,722.0
713372,0.10818247498251635,6,1,20.0
507114,0.15111090260078125,13,7,110.0
507119,0.1853521389437319,8,3,1021.5
746926,0.24019028932553357,900,10,2086.0
519752,0.07414085557749277,2,1,920.5
557892,0.10818247498251635,6,4,381.0
135498,0.0,1,1,82.0
430593,0.0,8,6,549.0
746928,0.0,14,4,604.0
705641,0.28465756924793584,551,16,119.0
620122,0.07414085557749277,2,1,69.5
782223,0.0544481836182322,13349,18,655.0
751262,0.06632791469917301,4128,18,1358.0
759676,0.1612725230158765,1088,12,187.5
759674,0.170817007679998,1537,14,165.0
759675,0.17633330370004585,1472,8,164.0
311661,0.0,1,1,2787.0
823738,0.06516192287400886,213,6,32.0
816979,0.0,1,1,572.0
729081,0.0,1,1,1042.0
767910,0.26807758747140875,2152,17,413.0
740602,0.11283705108237263,5,1,901.0
760398,0.20685491084616228,5144,10,31.0
763907,0.23136544869630019,81515,24,794.0
704683,0.13129979225833854,10,3,378.5
777505,0.1783561382843374,16,2,365.5
664484,0.0,5,4,1.0
524710,0.14745325337696022,445,9,6.0
308086,0.0,1,1,476.0
716232,0.26761738075372504,2466,21,404.0
598565,0.1937850728600543,979,4,120.0
779826,0.07656336354398739,197,1,13.0
608963,0.1598209243899642,8,4,206.5
641724,0.25944842214698355,158,10,207.0
598568,0.047325479153756116,62,9,36.5
702897,0.1989482304476989,33,8,108.0
729228,0.19450976840169382,13,3,54.0
750225,0.0,3,1,47.0
231776,0.23439368322874224,34,8,278.0
713594,0.15149150312662307,135,4,303.0
713593,0.23146242000636108,10,5,134.0
713592,0.19282374927657076,405,12,296.0
665777,0.0,1,1,1002.0
665776,0.0,1,1,47.0
758415,0.18464300184705348,77,10,257.0
665770,0.0,1,1,630.0
783196,0.28138297750207353,24616,13,4.0
767826,0.1728345265084207,21,6,400.0
747722,0.07414085557749277,2,2,455.5
747721,0.20945828166240923,2342,18,937.0
723495,0.24671835316021146,6349,23,59.0
55537,0.0,1,1,13.0
645284,0.06808323881004719,3,3,418.0
425603,0.11372304163528783,171,10,7.0
632000,0.12974649726061233,8,4,862.0
723499,0.2915670932898197,32021,29,10.0
723949,0.0,1,1,0.0
616508,0.16224249614709976,95,9,234.0
616506,0.2496376367355893,76,12,506.0
765194,0.07525473997218053,1514,12,804.0
702361,0.2736615756218111,47,12,345.0
737442,0.22981059049305602,52,8,615.0
737447,0.131493860671368,25,7,101.0
776329,0.12696127362210535,22269,9,339.0
763167,0.23095397852404922,228,2,101.0
763166,0.278796343833214,11107,10,5.0
617637,0.07414085557749277,2,2,119.5
691847,0.0,1,1,379.0
817840,0.09279685733587809,6,1,175.0
741166,0.21561846372252755,25717,5,329.0
795646,0.1975481450342516,14,1,48.5
716426,0.06808323881004719,3,2,848.0
737509,0.18535162357776866,2513,13,170.0
799977,0.4950376608692481,336,1,6.0
320489,0.26498941355022587,79,10,411.0
749544,0.1252386800822305,143,4,4.0
724869,0.24497399197177228,344,9,51.0
467080,0.21325380439404584,104,10,198.0
761987,0.25475523300475056,39274,22,450.0
633845,0.25286360143270326,92,12,659.5
736003,0.1465884592554943,111,1,16.0
555319,0.24436131588128296,101,11,361.0
736007,0.09253850712172013,37,3,274.0
736005,0.23159867657248825,143,5,7.0
800838,0.29543719091158416,22910,14,395.5
635295,0.2286857957841219,7581,24,438.0
292549,0.22627805766143494,159,9,2.0
764754,0.16724894027429313,32,5,62.5
81905,0.0,1,1,226.0
510996,0.12205910320682381,29,8,226.0
519926,0.07414085557749277,2,2,867.5
70543,0.23443290946844741,32779,17,21.0
774206,0.1853521389437319,8,1,53.0
633450,0.176677687852948,29,4,15.0
731288,0.19222835619292986,4118,8,243.0
749572,0.005805853063816624,6215,21,523.0
731286,0.1737955470193842,22409,29,284.0
812867,0.24527803015451025,18,3,356.0
579275,0.17723535850650493,26,8,74.5
736714,0.19887250240297627,3155,8,6.0
745443,0.2163303215537654,4404,6,291.0
348981,0.07414085557749277,2,2,350.0
693363,0.23443290946844741,32779,17,21.0
742700,0.23367706353301748,26,1,29.5
345659,0.07198710779634435,5,2,532.0
53219,0.0,1,1,1721.0
586853,0.23627400640838886,655,17,4.0
609565,0.14538755223417765,10,5,563.5
809150,0.19721640577290592,63,5,2.0
780454,0.20124993566608493,17772,20,383.0
682637,0.0,1,1,877.0
343345,0.12823209306875094,12,6,552.0
801701,0.11751047586170903,3,1,531.0
645120,0.0,1,1,10.0
783983,0.1623128065361632,13338,10,1247.0
780694,0.26698587174438493,135,9,224.0
646557,0.0,1,1,377.0
704232,0.06645831505144016,123,10,288.0
616861,0.24847761645251212,252,10,296.0
692980,0.11751047586170903,3,3,126.0
765407,0.2522345239182481,4927,9,219.0
615989,0.23114444325709554,232,12,95.0
457521,0.0,1,1,63734.0
674007,0.07414085557749277,2,2,1020.0
765409,0.18634040217133313,455,8,61.0
719872,0.18395520880585456,1233,1,77.0
768446,0.21933419712378807,23,4,149.0
344749,0.243983638039787,38,6,226.5
787155,0.28125036145245946,695,11,224.0
626361,0.19485795644449452,20,2,184.5
752257,0.0,5,1,213.0
768449,0.11164695398431967,13,5,3108.0
724784,0.20339468416868833,58,3,147.5
778179,0.1821746885280588,27,6,237.0
738977,0.17909169007633366,1309,3,135.0
820296,0.07414085557749277,2,1,48889.0
780129,0.1482817111549855,8,4,300.0
706442,0.07414085557749277,2,2,545.0
785001,0.150512403731164,19,4,224.0
785002,0.0,1,1,16.0
727512,0.0,2,1,9749.0
567232,0.11283705108237263,5,4,153.0
429442,0.07868406815307696,8,4,29.0
416734,0.1691179689878689,9,6,238.0
723471,0.10164345002734144,5,4,154.0
812881,0.03057511700911083,11689,5,753.0
752324,0.2222584009963285,61,5,723.0
752327,0.0,1,1,4327.0
743724,0.0,68,2,24.0
753251,0.07414085557749277,2,2,900.5
798937,0.07414085557749277,2,2,1942.0
718904,0.1854104289639985,197,5,32.0
759680,0.20157856902633892,1155,11,158.5
822036,0.13659496172530594,7,3,6.0
735112,0.27440554936013845,4300,23,4.0
608219,0.17735584182981257,18,6,70.0
735114,0.18705865879026004,41,2,360.0
785340,0.18929722153284936,91,3,135.0
647044,0.21572574402195185,23,8,222.0
608217,0.21063410456026832,1125,19,124.0
757803,0.22872175922794813,12,2,517.0
760058,0.07414085557749277,2,1,1801.0
529478,0.0,2,2,12.0
820855,0.5120381153006004,2253,1,45.0
756796,0.11121128336623914,4,3,114.0
198267,0.0,1,1,53.0
779312,0.23063804774062438,225,9,94.0
384871,0.06808323881004719,3,3,860.0
756798,0.2020755914338496,79,11,342.0
756799,0.19620927724784837,10,4,120.5
752495,0.10710548985345725,31,5,333.0
758648,0.1102043046468987,41,2,60.0
288763,0.07198710779634435,5,2,532.0
790922,0.06804036710176306,6604,16,219.0
749606,0.21725112827547174,1137,17,139.0
798446,0.2513300073693956,525,4,1.0
398253,0.0,1,1,121.0
517615,0.2508360132542517,3763,18,20.0
764116,0.06808323881004719,12,6,120.5
747629,0.15913426330262412,506,9,76.0
735600,0.1547747183842751,22,7,26.5
787888,0.03258468263409115,11,5,208.0
813910,0.0,1,1,1118.0
699040,0.24095509398471232,166,10,170.0
751078,0.06808323881004719,12,6,120.5
774205,0.24346128987266638,2601,9,175.0
774209,0.1456724970521422,7770,9,33.0
660538,0.06014885425870377,4,3,839.5
815542,0.1746315352827693,636,4,21.0
696640,0.07414085557749277,2,2,119.5
740040,0.0,522,12,3.0
782212,0.09198437470829253,11,1,353.0
803289,0.4743840681982017,372,4,354.0
746939,0.24019343679023827,187,12,294.0
591983,0.12340728945675886,7,5,187.0
737058,0.009549574522634751,195,10,420.5
763405,0.2304827432281725,7106,6,10.0
642801,0.21345559516228962,175,11,198.0
787822,0.14618702862605795,11,2,403.5
792698,0.27283688354474234,1909,12,105.0
750783,0.22423988759971095,300,13,365.5
50006,0.0,1,1,473.0
537011,0.07414085557749277,2,1,498.5
647269,0.18908444221987925,11,5,299.0
686893,0.07414085557749277,2,2,1614.5
711707,0.0,1,1,198.0
575570,0.14828171115498553,4,2,313.0
606346,0.2031142314200628,15,4,862.0
691278,0.13656640008847906,22,6,220.5
526217,0.0,1,1,624.0
730703,0.0,1,1,48.0
110395,0.1508722604103599,13,7,264.0
730700,0.12290646407043807,9,5,494.0
590584,0.11940957479424771,14,5,13.5
590586,0.20202563530558773,25,6,231.0
812319,0.0,1,1,4.0
729230,0.25381601957100774,330,12,117.0
700493,0.09784054076944859,155,9,102.0
779817,0.11159917603229272,1410,15,18.0
369547,0.07414085557749277,2,2,30903.0
614772,0.11751047586170903,3,3,126.0
536308,0.08457159695188102,43,7,26.0
635606,0.0,1,1,395.0
614776,0.1071059474660003,4709,21,219.0
653561,0.1494705868790115,32,8,99.5
763805,0.24168696960105954,7079,19,10.0
750373,0.2028782993606762,137,12,354.0
750154,0.0,355,8,28.0
807925,0.18023698188625728,33,1,74.0
712655,0.0,3,1,339.0
684922,0.21595628736425931,347,14,458.0
712656,0.0,3,1,339.0
616518,0.22045720414228046,229,15,211.0
704785,0.14818180982768225,17,6,753.0
536272,0.07414085557749277,2,2,977.5
613472,0.23954266786719397,194,12,107.5
706306,0.20917426501185699,61,9,352.0
777244,0.2642781855804489,341,12,290.0
709479,0.24293886451008573,1023,10,101.0
354766,0.24049784310466246,40,8,178.0
611896,0.0,1,1,291.0
705875,0.0,3,1,20.0
755570,0.22700833390795144,34,6,98.5
817323,0.14263180285880883,16,1,27.0
742481,0.11121128336623914,8,1,8.5
791521,0.06808323881004719,3,1,391.5
791527,0.03289122576812015,47,1,7.0
819877,0.07414085557749277,2,1,81.0
791528,0.11751047586170903,3,1,419.0
785831,0.17887479296967573,114,3,200.0
732388,0.053524366620378426,5,2,3.0
633453,0.0,1,1,30516.0
476653,0.17723535850650493,26,8,74.5
315304,0.15683227449483503,57,7,19.0
436232,0.23397265205775633,164,10,2.0
521844,0.0,1,1,291.0
758259,0.007069606208487976,32315,22,121.0
816368,0.0,1,1,9823.0
715815,0.24019343679023827,187,12,294.0
726028,0.2549750323951175,39408,27,450.0
333050,0.13289609350834727,6,4,297.5
759304,0.23600361290754462,1459,19,179.0
759300,0.0,1,1,9.0
759301,0.22480462674134866,971,23,200.0
761081,0.17385298988260936,466,12,27.0
602914,0.06808323881004719,3,2,937.0
800840,0.18463263931031498,1836,3,1.0
732902,0.29139272063659605,31932,27,10.0
349482,0.0,1,1,436.0
628914,0.19213678617423638,56,6,125.0
473282,0.07414085557749277,2,1,498.5
781625,0.20561296606761412,74,8,152.0
422178,0.20658175390648434,81,8,127.0
774612,0.1673291634463911,17,7,86.0
514734,0.07414085557749277,2,1,498.5
281098,0.17214973554436686,5,3,431.0
617159,0.0,1,1,19.0
664159,0.1774596592587599,21,8,335.0
667624,0.14249339331336974,5,5,642.0
579261,0.23114444325709554,232,12,95.0
767580,0.23743763098447787,107,14,161.0
745453,0.20482704117594322,134,10,351.0
754811,0.26814367212119966,2164,19,411.0
484177,0.2371087922252078,34,8,181.5
768900,0.21467526404157866,22,1,100.0
697339,0.14538755223417765,10,1,228.5
781820,0.1804056116283259,230,9,212.0
700205,0.21002971604268628,89,11,147.0
700209,0.11751047586170903,3,1,19.0
739858,0.25412917748613323,182,11,326.5
773630,0.13216991773602782,145,9,15.0
633357,0.07414085557749277,2,1,165.5
152755,0.18672476907938546,456,9,61.5
538143,0.0,1,1,264.0
665953,0.12514554519968324,15,5,514.0
694646,0.0,5,2,4.0
90379,0.0,1,1,5503.0
549606,0.11751047586170903,3,2,280.0
618261,0.053524366620378426,5,4,171.0
340733,0.0,1,1,64.0
664020,0.0,1,1,406.0
567707,0.21704257185351677,214,12,255.5
649152,0.11751047586170903,3,2,66.0
775674,0.15797904064038903,1324,7,345.5
752428,0.2641921342570921,437,3,211.0
730890,0.16199475330664928,77126,27,1197.0
622277,0.25000903669658114,656,17,333.5
694002,0.0,1,1,122.0
587885,0.06014885425870377,4,2,1545.5
694009,0.18693689098053398,55,7,449.0
720086,0.14293983135238905,540,9,562.0
408535,0.06808323881004719,3,3,113.0
679228,0.1598209243899642,8,5,194.5
610119,0.18743565047122707,25,7,125.0
499203,0.0,2,2,10.0
749778,0.2414023537459381,73,8,333.0
776547,0.06399249742006202,7,1,14.0
634867,0.15275519178617958,71,9,239.0
790584,0.14249339331336974,5,4,784.0
661658,0.27177474825850395,350,10,428.5
540947,0.11465773459476042,268,8,1.0
641093,0.0,1,1,2.0
543386,0.07414085557749277,2,1,498.5
820746,0.07414085557749277,2,1,474.5
783885,0.17174102929657672,447,2,114.0
814790,0.14249339331336974,5,2,31.0
607758,0.0,1,1,1.0
769893,0.09205809418506591,88519,10,24.0
543764,0.2165515492700811,59,8,2.0
133548,0.09279685733587809,6,2,11.0
588205,0.27179668485872294,25354,15,8.0
478033,0.07414085557749277,2,1,498.5
694824,0.11283705108237263,5,4,299.0
785339,0.1368537860891743,315,3,77.5
673925,0.23916206441676602,121,9,226.0
605931,0.11751047586170903,3,3,267.0
756140,0.2878269011225019,149079,6,41.0
689302,0.0,1,1,36.0
785385,0.1296673796617495,4210,12,42.0
810100,0.12974649726061233,8,2,311.0
645714,0.2315241137146175,59,6,30.0
739142,0.0,1,1,15.0
766867,0.27930044128738635,399,5,489.5
766861,0.4199438282333813,1365,4,34.0
675470,0.11751047586170903,3,3,182.0
739144,0.1598209243899642,8,6,181.5
705270,0.2570331019996211,603,12,450.0
548571,0.07414085557749277,2,2,2145.5
723368,0.13946231965643363,161,11,8.0
607991,0.0,1,1,16.0
757366,0.12404927262919674,198,12,247.5
798858,0.3268025206276738,3172,10,59.5
818869,0.24994836550961308,41,5,192.0
759786,0.20278948686343393,38,2,453.0
495875,0.14249339331336974,5,4,214.0
370403,0.23449211750628257,118,9,253.0
756813,0.06014885425870377,4,3,2262.5
561577,0.1476431967902318,251,11,11.0
658757,0.2286857957841219,7581,24,438.0
513224,0.21345559516228962,175,11,198.0
283140,0.11121128336623914,4,3,421.0
805745,0.1570361306212313,11,3,218.0
271669,0.0,1,1,2167.0
283147,0.06808323881004719,3,3,2662.0
733813,0.23056332044570194,278,10,281.0
787893,0.23794011836886753,2676,12,279.0
164053,0.0,1,1,12.0
591513,0.18782691240917793,54,3,38.5
749916,0.1905094116988791,318,3,1978.0
749917,0.19481373469870072,30995,8,1255.0
749915,0.0,15,1,165.0
762693,0.24740735377009027,1232,12,309.0
721654,0.23805502630703687,1016,14,2059.0
725117,0.1969599843614075,15,4,733.0
789914,0.18194475824663636,932,12,9.0
639168,0.23048130477283696,20,8,119.5
452157,0.07198710779634435,5,2,532.0
775921,0.20299016046802468,40,9,203.5
702150,0.23048130477283696,20,8,119.5
705669,0.14828171115498553,4,4,771.5
615762,0.1599313615129437,97,10,590.0
381010,0.2277626761225482,168,10,136.0
718284,0.21123571269643932,1135,20,124.0
786687,0.026198363424782083,15,3,14.0
580504,0.0,1,1,1290.0
778693,0.16308673510474894,13,6,1638.0
545571,0.06808323881004719,3,3,403.0
282707,0.17726068005414855,19,9,515.0
644047,0.0,1,1,81.0
747296,0.23413261277963424,32517,14,21.0
607778,0.11121128336623914,4,3,44.5
625087,0.14954791008497403,55,8,167.0
794907,0.11751047586170903,3,3,92.0
750200,0.2576816393812094,968,18,93.0
750201,0.1282287638469327,22,5,358.0
750202,0.24576827405021706,215,9,278.0
794908,0.26761114643814515,26,1,49.0
136248,0.16475518466516176,11,4,729.0
628236,0.2613210811440102,115,10,205.0
764591,0.20443994765589787,183,7,112.0
136245,0.16475518466516176,11,4,729.0
629329,0.1853521389437319,8,5,687.5
788112,0.03642075681446933,28,8,5.0
625337,0.0,1,1,1134.0
635617,0.0,1,1,730046.0
822571,0.0,1,1,624.0
776909,0.2618570170473721,1899,1,18.0
822575,0.0438671260260062,21,1,96.0
614547,0.0,1,1,20952.0
763813,0.27744782121053574,31675,19,8.0
747746,0.2834836512389484,1404,12,268.5
704794,0.13289609350834727,6,3,71.5
732343,0.0,1,1,2.0
702307,0.2508360132542517,3763,18,20.0
768628,0.18883412662623608,37,3,207.0
589103,0.18432455017062943,33,8,259.0
626994,0.12981883527343455,888,17,942.5
504669,0.0,1,1,205.0
749177,0.1671358845086855,1037,13,1.0
428550,0.14828171115498553,4,2,269.0
738940,0.23232444255527812,7208,8,10.0
738943,0.219128719584885,2041,9,21.0
738942,0.19781606981630043,3100,8,6.0
639343,0.06014885425870377,4,3,839.5
527882,0.14249339331336974,5,4,52.0
618938,0.06808323881004719,3,3,1043.0
786263,0.08517559901363139,7,2,10.0
785808,0.21206662969462153,19,6,493.0
791533,0.2770661770938658,35,7,283.5
498492,0.16693771291337084,6,4,986.0
780831,0.1330920655549687,43109,20,1387.0
785806,0.14011493746184225,173,3,2353.0
493249,0.07414085557749277,2,1,843.5
148245,0.14072626668982927,17,7,136.0
591591,0.1598209243899642,8,4,680.5
709968,0.2612321408788601,10246,27,217.0
524712,0.18276235895697582,19,5,92.0
121860,0.14828171115498553,4,3,450.0
723568,0.17766512625339015,1898,4,140.0
684863,0.19850397177725976,58440,25,36.0
85228,0.1600037336067427,27,8,9.0
656494,0.2208421027843268,62,5,676.0
786312,0.24393213420180185,12282,12,89.0
765082,0.10818247498251635,12,1,34.0
688371,0.16881721462968136,31,7,207.0
594884,0.1757843056048342,10,2,187.5
810246,0.2637409596288246,35,3,232.0
810248,0.07414085557749277,2,1,1250.0
675506,0.06014885425870377,4,2,213.5
592240,0.0,1,1,3410.0
555619,0.07414085557749277,2,2,823.5
320593,0.21631475946776013,28,9,119.0
484499,0.21276129441149827,71,9,42.0
144479,0.1573215644288683,10,5,53.5
749595,0.0,1,1,1705.0
766040,0.17647440519261157,1782,9,1592.0
582111,0.0,1,1,182.0
377491,0.0,1,1,9.0
819990,0.3573110426246592,2132,10,243.5
586439,0.30069124316375045,42,1,20.0
781834,0.24018614809024,1332,14,36.0
622992,0.06808323881004719,3,1,14.0
774089,0.19640939657568773,3253,13,56.0
801543,0.296563422309971,16,3,2090.0
717932,0.0,11,1,1958.0
726872,0.17368483135728072,26,7,137.0
622510,0.16693771291337084,6,4,135.5
485941,0.21345559516228962,175,11,198.0
352520,0.0,1,1,321.0
135868,0.11751047586170903,3,3,1.0
107545,0.0,1,1,226.0
794371,0.0,12,5,2.5
655919,0.11699058810417926,79,5,291.0
704496,0.17123236612396114,41,5,19.0
757025,0.24339565010429515,375,4,348.0
162516,0.07414085557749277,2,1,128.5
665818,0.17843229981268788,14,5,327.5
762331,0.12128823261546924,174,9,230.0
665817,0.0,1,1,1.0
790269,0.19778027043172303,24,5,118.0
672080,0.18672476907938546,456,9,61.5
597969,0.17214973554436686,5,3,858.0
823236,0.31442223490988663,56,2,716.0
346090,0.12829513550606053,2494,16,21.0
596988,0.258527111769683,31,9,104.0
395581,0.07414085557749277,2,2,93.5
667421,0.2165515492700811,59,8,2.0
53670,0.11121128336623914,4,3,86.5
820905,0.4842482637219882,1270,4,100.0
656646,0.0,2,2,1254.0
243174,0.2612321408788601,10246,27,217.0
753276,0.07198710779634435,5,1,16.0
606823,0.0,1,1,769.0
736815,0.131493860671368,25,7,101.0
720092,0.23597467855359,191,4,47.0
700499,0.2551218566720257,42427,28,450.0
636749,0.21423366703757252,17,7,267.0
757795,0.268112607847902,2161,18,412.0
752309,0.19391203646665775,129,12,202.0
722770,0.03477173457078339,10,2,282.0
724652,0.11751047586170903,3,1,158.0
673915,0.22456268826965942,1449,7,240.0
695505,0.1526177854470651,88,10,6.0
709190,0.2040081407021172,12,5,129.5
528507,0.07414085557749277,2,1,498.5
626234,0.19165133143920177,12,4,2428.5
756686,0.2696739766521412,641,14,409.0
818363,0.0,6,1,189.5
667398,0.21572574402195185,23,8,222.0
519726,0.21345559516228962,175,11,198.0
789456,0.11541186013173656,7,4,61.0
763173,0.24370969802765702,12521,5,220.0
596767,0.11121128336623914,4,2,771.5
750776,0.1812321434190583,287,3,1961.0
814330,0.17214973554436686,5,1,28.0
739150,0.26233882889682153,805,17,64.0
739152,0.22700088124329876,25135,23,320.0
427718,0.17967597535242105,30,6,277.0
291902,0.07414085557749277,4,2,124.5
798863,0.428747719097608,136,7,134.0
512486,0.11751047586170903,3,1,47.0
655775,0.053524366620378426,5,3,273.0
723190,0.11751047586170903,3,3,207.0
775446,0.2323473420101475,113,9,226.0
775444,0.13294486671155104,37,10,490.5
775442,0.1586031824948334,1346,7,338.5
737928,0.22009829333765454,3722,11,10.0
665218,0.23048130477283696,20,8,119.5
375399,0.0,1,1,9.0
540133,0.07414085557749277,2,1,843.5
756198,0.21146593091000462,26,9,194.5
765952,0.05516542640461351,3519,15,1309.5
760118,0.17683112366084247,104,11,221.5
804600,0.27886183405503806,68,4,297.0
734719,0.11172383818059,1283,11,139.5
752457,0.011524655677773835,1183,12,439.0
671960,0.0,1,1,140.0
315286,0.20746817602083167,25,7,291.0
681205,0.0,2,1,40.0
711651,0.07414085557749277,2,1,508.0
688577,0.17242105849979314,31,3,288.0
789059,0.07414085557749277,2,2,1942.0
136746,0.21301710817360267,13,9,704.0
709358,0.0,7,5,172.0
575546,0.0,1,1,389.0
416461,0.10157105005983595,15,7,653.0
817511,0.20833451837762584,46,1,10.5
774156,0.16577349264389757,7,1,27.0
818924,0.3455193368278134,169,3,7.0
825505,0.3433689465671094,39,1,89.0
713381,0.0,1,1,1111.0
507495,0.25305590337869466,152,11,297.0
384527,0.16577349264389757,7,4,148.0
782566,0.2365530822343148,333,9,172.0
775931,0.11200534561075355,135,10,3597.0
334080,0.22536099451596664,21,7,269.0
707683,0.10654142570320924,1714,14,125.5
704694,0.11121128336623914,4,4,1284.0
738369,0.07414085557749277,2,2,676.5
374468,0.1784814360363394,27,7,442.0
793727,0.0,1,1,101.0
577201,0.07414085557749277,2,1,165.5
595208,0.0,1,1,737.0
712529,0.1287115774880562,17,1,116.0
812402,0.15266239922011052,140,6,2.0
696603,0.20640699483553043,71,5,552.0
774084,0.11036053891245881,13,1,2564.5
643225,0.0,1,1,0.0
750217,0.27802435827431854,51207,19,328.0
776578,0.23269113644628964,137,10,150.0
737388,0.2306662292530847,231,11,95.0
684308,0.07414085557749277,2,2,16639.0
406524,0.06405079895394777,56,4,338.5
726270,0.22224569555107543,42,1,102.0
729219,0.1678407490159032,14,3,45.5
800829,0.0,1,1,48.0
88333,0.16952812617198765,64,8,129.5
751343,0.0991911272952727,248,11,1641.0
612531,0.11751047586170903,3,2,1.0
679986,0.17723535850650493,26,8,74.5
552697,0.1813811061323498,10,5,104.0
612536,0.12995455685748425,138,9,9.0
782304,0.11283705108237264,5,3,1889.0
672438,0.14828171115498553,8,3,269.0
646281,0.18320444338856384,74,10,111.5
776974,0.2721950119402509,4154,12,138.0
507788,0.2401349102955355,13,6,35.0
672436,0.0,1,1,28.0
773097,0.2212475155576463,131,9,121.0
595337,0.0,1,1,3.0
740376,0.0,5,1,169.0
398345,0.0,1,1,254.0
763864,0.13141811613864246,125978,22,471.0
468630,0.12829513550606053,2494,16,21.0
154692,0.16421822075258757,60,2,206.5
776715,0.0,1,1,45.0
813118,0.2243894757614371,1523,8,19.0
812754,0.2046900381250973,55,3,1929.5
757801,0.0,17,5,88.0
696336,0.17890844126075994,11,5,177.0
812751,0.16659489331663555,7640,9,1279.0
757805,0.15259055588780301,22,5,244.0
812752,0.4066938839790109,72,5,35.0
786257,0.037069114473701203,58,7,1.0
807098,0.2270503712669344,60,3,118.0
738976,0.17909169007633366,1309,3,135.0
663893,0.0,1,1,109.0
795570,0.15048173272133358,45,1,466.0
639337,0.18782691240917793,54,3,38.5
777282,0.16996130703583565,297,13,2.0
777281,0.20299016046802468,40,9,203.5
780828,0.2817736313829499,202,10,235.5
501934,0.07414085557749277,2,2,1099.5
791441,0.40768059810199925,1400,11,3.0
816902,0.39541085165094153,46,2,33.0
822999,0.07414085557749277,2,1,251.5
684879,0.11751047586170903,3,3,2756.0
632871,0.1992985080609845,54,6,313.0
704678,0.0,1,1,16.0
684872,0.21526539329653344,25,6,18.0
669122,0.1853521389437319,8,5,687.5
693010,0.12984471781615078,143,10,9.0
766865,0.20064902959226008,28,6,274.0
149012,0.11121128336623914,4,2,771.5
414451,0.0,1,1,384.0
732059,0.2492073594046242,87004,22,260.0
824031,0.17495805836987133,19,1,26.0
766039,0.2846566169774384,291,17,11.0
756999,0.24687889921380626,73506,7,91.0
766522,0.057403060903430295,19,4,27.0
749580,0.023895808074654037,1141,16,354.0
756991,0.23240276886120817,470,10,17.0
490164,0.11751047586170903,3,3,169.0
531186,0.14249339331336974,5,4,307.0
715387,0.11283705108237264,5,3,29.0
602803,0.11751047586170903,3,2,66.0
765786,0.22379174747919153,315,10,183.0
602809,0.24743242257683706,135,9,213.0
622985,0.23048130477283696,20,8,119.5
674587,0.22661987847195827,2794,11,240.5
674584,0.25984962968086966,1510,20,34.0
623854,0.2286857957841219,7581,24,438.0
494107,0.2712441868191325,874,21,158.5
733132,0.08137444616525313,372,2,316.0
618531,0.1740593544404599,28,3,256.0
658325,0.10164345002734144,5,3,766.0
739549,0.18598716416670122,1273,6,128.0
693484,0.12823209306875094,12,4,569.5
752845,0.25537395268080765,735,17,241.0
817478,0.08227989613067134,178,2,75.0
693480,0.05421575455379481,1512,14,153.0
627353,0.0,1,1,157.0
287504,0.21276129441149827,71,9,42.0
810588,0.1757730956881906,27,6,18.0
520336,0.07414085557749277,2,1,498.5
798859,0.20707884613202418,36,1,24.0
523405,0.229585579891068,936,18,5.0
803924,0.07414085557749277,2,2,225.0
757013,0.10222418786318949,7,1,17.0
820022,0.22255545206829896,511,6,15.0
485003,0.25305590337869466,152,11,297.0
721339,0.1628024570033166,120,3,19.0
407792,0.06014885425870377,4,3,714.5
623920,0.240945508176313,54,10,94.0
781571,0.032621810352715885,14628,18,4.0
322759,0.11283705108237263,5,4,22.0
700174,0.1774596592587599,21,8,335.0
574339,0.2307142381495345,372,10,3.0
802827,0.19079854024670892,19333,16,255.0
763264,0.0,1,1,1.0
763265,0.230188553556035,81,7,92.0
675536,0.06014885425870377,4,2,213.5
363696,0.22700833390795144,34,6,98.5
613467,0.11283705108237263,5,3,35.0
720085,0.1826600527467104,77,8,9.0
808296,0.4071169002622399,127,2,77.0
750278,0.2056667858281295,27,4,13.0
307989,0.0,1,1,85.0
534768,0.14249339331336974,5,3,110.0
90196,0.0,2,1,51.0
346405,0.10818247498251635,6,5,708.0
772014,0.20674059874696876,49,11,82.0
768254,0.1704368704876656,14,3,71.0
648773,0.11751047586170903,3,2,66.0
744986,0.12737151497622096,21303,19,21.0
647014,0.17723535850650493,26,8,74.5
472776,0.2573279052474839,209,12,251.0
757748,0.10818247498251635,6,3,106.0
820805,0.13659496172530594,7,2,23.0
58256,0.0,1,1,15.0
596882,0.10818247498251636,6,4,340.0
779741,0.21382610987156672,35,4,4.5
797275,0.18376065491255442,1437,9,1.0
760068,0.196769693365061,161,4,349.0
659051,0.08517559901363139,7,2,1.0
724425,0.0,1,1,1069.0
707098,0.14249339331336974,5,4,483.0
652065,0.0,3,1,289.0
756769,0.014184175966727698,133,2,566.5
756768,0.21970446268275629,32,3,170.0
756766,0.23464896123414877,932,3,356.0
795465,0.21736028012115294,22,3,21.5
711397,0.0,1,1,19.0
798870,0.0,1,1,2964.0
502832,0.06388909992022689,605,11,69.0
756186,0.23549530814032266,339,11,236.0
778438,0.006589616681521641,89,2,18.0
746697,0.26010990286490837,353,16,330.0
433758,0.0,2,1,66.0
612551,0.0,1,1,398.0
608128,0.17735584182981257,18,6,70.0
182803,0.2552412391841932,42459,28,450.0
769951,0.21653731773667476,17962,8,21.0
700835,0.15760971203417817,12,8,401.0
608662,0.0,1,1,508.0
765156,0.1830393131159037,3850,5,525.5
553332,0.0,1,1,20.0
360432,0.19213678617423638,56,6,125.0
752426,0.14616401291102843,1379,11,571.0
744850,0.20777148977940424,4579,7,89.0
735096,0.13530789260902054,12,2,4359.0
805749,0.13594509382849027,18,6,8.0
637796,0.11283705108237263,5,4,153.0
606957,0.14222409438753994,6,3,1393.0
814950,0.10596143111876638,728,3,7.0
356394,0.14828171115498553,4,4,262.0
803968,0.07414085557749277,2,1,4.0
775543,0.0,1,1,186.0
566815,0.07414085557749277,2,1,843.5
549737,0.07414085557749277,2,1,248.0
709438,0.06843020356779501,766,14,1.0
803963,0.0,1,1,190.0
703912,0.01563202853754265,30,6,45.0
725172,0.20071725806529708,483,9,432.0
812501,0.4368572304999161,173,2,368.0
725170,0.23743482049633985,216,9,349.5
394014,0.24589647939115203,39,10,462.0
725175,0.18467272051360778,138,7,1028.0
676341,0.0,2,1,1382.0
782575,0.17816337889583705,412,10,13.0
308752,0.07414085557749277,2,2,2984.0
735353,0.05236376524458315,26,3,1.0
820873,0.13659496172530594,7,2,51.0
731881,0.23902237318262162,289,11,280.0
726393,0.06808323881004719,3,1,34.0
502017,0.0,1,1,206.0
520541,0.07414085557749277,2,2,785.0
750770,0.06808323881004719,3,3,86.0
503767,0.11283705108237263,5,4,153.0
704804,0.20658175390648434,81,8,127.0
750774,0.09629376812287582,8,2,1383.0
783228,0.2488857245111273,273,9,173.0
750779,0.1277278177451066,57,2,65.0
425936,0.06808323881004719,3,2,1.0
725009,0.09279685733587809,6,1,77.5
705996,0.11751047586170903,3,3,53.0
435128,0.0,1,1,0.0
344305,0.11751047586170903,3,2,175.0
705999,0.21374688885195023,187,8,8.0
344300,0.11121128336623914,4,3,421.0
603079,0.2269559750886042,28,8,1.0
634236,0.23114444325709554,232,12,95.0
733712,0.2117009495254364,12,6,69.0
614527,0.11751047586170903,3,3,427.0
429080,0.22009942099500918,34,8,100.0
733138,0.16619089262642756,1778,12,242.0
634542,0.11283705108237263,5,3,428.0
637171,0.0,1,1,371.0
579655,0.16577349264389757,7,4,148.0
640968,0.3908999056406661,252,3,1.0
792264,0.179610899438416,177,2,12.0
628105,0.2479377163287376,1235,12,312.0
783139,0.0,1,1,85.0
792260,0.21923175405117984,117,1,30.0
628102,0.12041125357339774,408,10,506.0
383305,0.184824158878717,25,8,265.0
776497,0.2574419861832812,329,7,1297.0
776496,0.13221149079917274,19,1,285.5
787338,0.2310389072965581,2226,12,348.0
786240,0.053524366620378426,5,2,8.0
786246,0.02283630014554893,423,8,508.5
625991,0.0,1,1,2276.0
787330,0.009888419176944802,17978,23,207.0
788106,0.25538406270810543,81,3,152.0
76936,0.25150653894151037,2603,10,637.0
588275,0.15982092438996423,8,4,87.5
787336,0.17064080953614796,43,7,273.0
776369,0.16693771291337084,6,1,69.0
253479,0.11121128336623914,4,2,771.5
770263,0.2556455269769238,644,1,52.0
733004,0.23277057365105994,15,3,77.0
746727,0.15016656519314922,354,13,302.5
754212,0.10741643080671429,7,2,1207.0
436241,0.08548136043212495,2750,11,673.5
791519,0.41884625321819785,134,3,285.0
408103,0.0,1,1,24.0
763121,0.15497722012580023,252,10,642.5
515922,0.2712441868191325,874,21,158.5
714639,0.1774596592587599,21,8,335.0
816516,0.0,1,1,9823.0
816515,0.0,1,1,9823.0
399951,0.16577349264389757,7,4,148.0
431260,0.21897087077277075,41,8,436.0
722005,0.16727903098260347,25,3,5.0
759338,0.20886304725345903,201,13,721.5
81273,0.06808323881004719,3,3,113.0
535990,0.1573215644288683,10,5,53.5
704669,0.10021205113375567,9,5,212.0
140756,0.2315241137146175,59,6,30.0
748212,0.13088235745950863,126407,21,473.0
704662,0.16067244842137288,21,2,2.0
603490,0.22175211217910887,57,9,142.0
452913,0.06014885425870377,4,1,595.0
573078,0.30069124316375045,42,1,20.0
755638,0.29344373641636295,950,9,44.0
615450,0.22125367421091993,17,3,682.0
695893,0.15196513460010075,135,9,1.0
389326,0.07414085557749277,2,2,72.0
610790,0.1757843056048342,10,2,187.5
644590,0.14828171115498553,4,2,4190.0
763014,0.18695659423746694,7,5,180.0
760811,0.19585079310284836,9,7,138.0
671428,0.11121128336623914,4,3,649.0
482849,0.25000903669658114,656,17,333.5
682922,0.1566806344822787,9,7,156.0
742698,0.2226899284047002,38,1,46.5
754850,0.0,21,2,4.0
710137,0.1274524729514132,59,1,75.0
740837,0.15388017897385367,538,18,136.0
700198,0.06808323881004719,3,2,6.0
753679,0.07454002875657602,10390,14,270.0
773604,0.2380010772022792,184,12,107.5
308770,0.11283705108237263,5,2,289.0
366128,0.19393206020295295,17,6,271.0
383129,0.0,4,3,313.0
744441,0.03599247615100254,19,1,47.0
606489,0.07414085557749277,2,2,143.5
785868,0.1480760787632617,23,8,491.5
781816,0.0,1,1,659.0
584303,0.16693771291337084,6,4,66.0
791462,0.3785020583524133,681,3,86.5
781143,0.1744050503742012,5747,6,195.0
726376,0.11121128336623914,4,2,4396.5
781148,0.19393206020295295,17,6,271.0
102585,0.17214973554436686,5,4,107.0
780369,0.0,1,1,28.0
670603,0.2381475311904892,7679,27,440.0
812991,0.03801269445257148,245,4,7.0
780367,0.22652335941786114,69,1,162.0
720816,0.2501345860798797,97,9,37.0
762316,0.06712300920698223,10116,11,272.0
757007,0.2007880859425308,189,5,22.0
654196,0.2528296656347525,1627,16,340.0
595834,0.25984962968086966,1510,20,34.0
306911,0.11751047586170903,3,3,77.0
811216,0.16710646416664524,101,7,168.0
589635,0.0,1,1,114.0
767791,0.0,4,2,222.5
619744,0.14194803986898322,63,5,658.0
721328,0.11437721000547597,1878,18,1.0
393770,0.2040081407021172,12,6,227.5
823951,0.4791778034373099,168,3,342.0
734796,0.11036053891245881,13,6,13.0
601395,0.0,1,1,377.0
539040,0.15599560140852975,21,4,85.0
821666,0.21352697162929002,124,2,128.0
694566,0.09604664949982585,10,3,622.5
262468,0.0,1,1,254.0
346431,0.0,1,1,147.0
791866,0.3130621909637443,45,5,994.0
753295,0.25896742953230917,61,9,168.5
645072,0.0,1,1,97.0
717882,0.06808323881004719,3,2,25.0
736522,0.1898663848585842,9296,6,7.0
564089,0.19213678617423638,56,6,125.0
582242,0.21273478857508965,172,10,298.5
543350,0.0,8,6,549.0
568510,0.11751047586170903,3,3,169.0
679412,0.20044420138226154,22,9,161.0
797396,0.0,1,1,32.0
621570,0.16421822075258757,60,2,206.5
793126,0.0,49233,24,16.0
437449,0.0,1,1,238.0
749635,0.22199533837527924,148,10,704.0
787937,0.11088715755478025,27,8,5.5
731167,0.22627805766143494,159,9,2.0
766816,0.20293100321621765,59559,21,57.0
739375,0.0,1,1,32.0
700587,0.09552995037419261,52,4,519.0
700583,0.23443290946844741,32779,17,21.0
700580,0.16893000797176727,1042,14,1.0
747839,0.24044943086507845,2343,20,8.0
658195,0.07414085557749277,2,2,19.0
692323,0.0,1,1,32.0
769754,0.2109939675602642,188,8,2.0
681751,0.0,1,1,731.0
621375,0.0,1,1,21.0
142542,0.0,2,2,8.5
761929,0.22704217483746514,25115,21,320.0
713251,0.06808323881004719,3,2,848.0
541868,0.1803999908988257,20,7,580.5
541869,0.1803999908988257,20,7,580.5
768339,0.1704368704876656,14,3,71.0
728430,0.1223947610006885,39,8,52.0
574139,0.30069124316375045,42,1,20.0
552248,0.19893703560399995,58,9,38.0
787685,0.24529430957741444,36182,15,624.0
650618,0.11751047586170903,3,3,182.0
789033,0.19687685396984186,124,9,446.0
591658,0.17901493587848222,383,10,606.0
735084,0.17985509440014671,1252,5,132.0
394246,0.07414085557749277,2,2,6340.5
756735,0.20297873032203748,221,4,116.0
805754,0.20974816525086895,47120,11,1.0
641249,0.15240886154539354,352,11,4.0
798244,0.23870538903917476,131,7,489.5
547647,0.15777806331887528,7,4,1022.0
761024,0.19192290365654188,164,5,152.0
549055,0.0,1,1,199.0
435756,0.12981883527343455,888,17,942.5
662628,0.18012480236710066,21,7,731.0
725167,0.2913590194905219,31919,27,10.0
487271,0.07414085557749277,2,1,498.5
778080,0.0,1,1,9.0
778081,0.11283705108237263,5,2,47.0
760267,0.18327906924485293,21602,12,4.0
782093,0.2924801999289398,113,8,260.0
782096,0.15838730732939357,713,13,72.0
782094,0.2238266809553022,269,11,942.0
735977,0.17155930523981536,2218,12,152.5
657887,0.19585079310284836,9,7,138.0
770097,0.19104308257916552,4209,16,54.0
770096,0.276660234136789,940,14,237.5
749816,0.06488573249417008,120,9,291.5
520554,0.24436131588128296,101,11,361.0
384037,0.21423366703757252,17,9,349.0
812355,0.2430050644580558,11,3,32.0
716289,0.07414085557749277,6,4,3.5
446181,0.26291045095285825,216,12,292.0
794952,0.2041778929223973,21,8,49.0
629351,0.19493478698314523,19,6,225.0
762750,0.2719146742388005,304,11,229.0
751162,0.22872175922794813,12,8,145.0
737128,0.021161232707689125,1133,12,42.0
764305,0.06714101438238786,15,1,168.0
401042,0.2020694603556435,9,5,103.0
648837,0.16421822075258757,60,2,206.5
796175,0.25729431025360744,45,1,128.0
770381,0.17823534022470588,11,7,198.0
747799,0.16302647848295518,40773,27,1355.0
310267,0.21423366703757252,17,6,218.0
731984,0.053524366620378426,5,2,3.0
92215,0.18672476907938546,456,9,61.5
541889,0.2165515492700811,59,8,2.0
816453,0.0,1,1,3128.0
816457,0.20256459777942337,11,2,405.0
590674,0.30069124316375045,42,1,20.0
400244,0.1796192320071967,22,6,479.0
711923,0.058218027528680036,24,2,13.0
666225,0.07414085557749277,2,2,266.5
706343,0.09784054076944859,155,9,102.0
745837,0.12384078097265294,96,15,104.0
798231,0.0,1,1,56899.0
729479,0.13861417402238133,2941,17,66.0
666751,0.1818587252517746,23,8,102.0
551746,0.1691179689878689,9,4,201.0
720998,0.06808323881004719,3,2,848.0
665059,0.20278948686343393,38,2,453.0
758572,0.23743371014135906,97,8,324.0
822438,0.29025153724138986,23,3,445.0
306787,0.22536099451596664,21,7,269.0
761132,0.14940613850486262,38,1,21.5
761133,0.26344626930853077,6250,11,8.0
761131,0.1088888844157565,51,1,51.0
735190,0.24655612653319167,16186,12,250.0
431906,0.2501345860798797,97,9,37.0
338288,0.2316785742322767,17,8,68.0
733031,0.10421528270684464,8,5,7.5
744053,0.25538743060457453,592,14,95.0
683317,0.1773501012305335,31,6,83.0
391974,0.07414085557749277,2,2,155.5
750019,0.0,1,1,22.0
631478,0.04819321848556274,6,2,169.0
721191,0.20658175390648434,81,8,127.0
635962,0.0,1,1,3858.0
664477,0.0,2,1,816.0
664474,0.0,6,3,112.5
579647,0.240945508176313,54,10,94.0
733101,0.16358119325012796,12086,20,3652.0
642088,0.07414085557749277,2,2,119.5
755846,0.0,2,2,6701.0
763068,0.22334029246453166,69,7,158.0
821022,0.22436937003743368,242,5,8.0
656947,0.0,1,1,19.0
776861,0.07414085557749277,2,2,854.0
753667,0.1581796977520174,430,11,221.0
802629,0.024351944614740578,3581,6,154.0
753665,0.2779758544741099,3660,5,153.0
376193,0.23439368322874224,34,8,278.0
802620,0.027557486189511354,2039,6,168.5
309298,0.06808323881004719,3,3,113.0
802624,0.28336101891060594,20,1,778.0
501960,0.19730559152513025,13,5,101.0
500538,0.2224348159148744,169,10,347.0
627116,0.07414085557749277,2,2,2575.5
799856,0.17835613828433738,8,4,261.0
810270,0.0,2,1,3.5
816671,0.03326181328956956,177,2,148.5
698813,0.17890844126075994,11,5,177.0
759290,0.0,7,2,225.0
759292,0.07414085557749277,2,1,151.0
647694,0.1503831061660502,22,5,1461.5
759296,0.21464486843599972,40,9,386.5
367755,0.1551228262224999,15,7,446.0
193750,0.21710113550988683,224,13,142.0
754663,0.14828171115498553,4,4,5637.0
799295,0.2360974446491682,97,7,219.0
614082,0.0,1,1,15.0
819745,0.0,7,1,45.0
671231,0.3995296445837738,1584,11,16.5
700572,0.0,1,1,1238.0
801882,0.07414085557749277,2,2,1942.0
700574,0.23207461179093405,128,9,472.0
791254,0.0,1,1,2127.0
237760,0.14072626668982927,17,7,136.0
269568,0.06808323881004719,3,3,113.0
735869,0.318603723227814,31,10,735.0
772652,0.12431471798652932,11,5,110.0
335896,0.11121128336623914,4,3,160.0
704467,0.17725162095321031,528,3,9.0
577963,0.06014885425870377,4,2,1545.5
682916,0.13591547755233002,20,4,873.0
790258,0.2021982018339128,16,4,577.0
762197,0.1710224269895463,45,9,198.5
371135,0.06551733290701371,169,8,20.0
596958,0.27465999783860706,297,13,609.0
622411,0.16308997344506465,48,8,550.0
706438,0.07414085557749277,2,2,3144.0
758960,0.11751047586170903,3,3,18.0
758963,0.0,1,1,196.0
797705,0.5344848604159232,204,3,2.0
706432,0.0,1,1,262.0
820779,0.07414085557749277,2,1,232.0
682598,0.2164930183206184,207,8,934.0
783824,0.14249339331336974,5,1,407.0
780570,0.11121128336623914,4,2,453.5
780577,0.11121128336623914,4,3,420.5
658292,0.10164345002734144,5,2,10.0
700112,0.13516381998170265,11,6,1513.0
682597,0.3995296445837738,1584,11,16.5
654541,0.06808323881004719,3,2,14.0
643840,0.24449233100389378,73,10,1109.0
95489,0.0,1,1,104.0
801624,0.0,1,1,401.0
487619,0.23449211750628257,118,9,253.0
364427,0.0,1,1,624.0
476547,0.16577349264389757,7,4,148.0
655562,0.2681997145788067,2167,21,411.0
699789,0.20786743925982007,1605,16,21.0
759438,0.2236413746323019,112,3,585.5
680274,0.14355597506168716,11,3,37.0
475084,0.17766512625339015,1898,4,140.0
793136,0.42091202876612993,1115,4,31.0
700605,0.16954828725030932,299,13,2.0
531603,0.0,1,1,206.0
675437,0.06014885425870377,4,2,213.5
706501,0.21345559516228962,175,11,198.0
561025,0.0,1,1,4.0
701224,0.06808323881004719,3,2,75.0
731174,0.04784459422439363,314,14,27.0
775142,0.43903645600149055,1035,7,13.0
591330,0.2549836002147386,45,9,190.0
771138,0.13616647762009437,9,4,41.0
624573,0.11751047586170903,3,2,157.0
700592,0.13428970983619654,8,6,1239.5
373919,0.23506886106940192,88,9,495.0
379343,0.0,1,1,173.0
781199,0.27695744115810217,93,9,16.5
813912,0.0,1,1,42.0
795234,0.44891097421867476,581,13,92.0
716836,0.08095536788617616,68,2,19.0
752229,0.01273273684746869,278,11,6.0
715831,0.26129231417826604,355,12,285.0
440969,0.0,2,2,338.0
726666,0.10256079858610766,51,5,2.0
769216,0.0,1,1,14.0
746794,0.24442339629037232,1114,13,98.0
709252,0.1503440240994717,356,14,303.0
595837,0.0,1,1,227.0
613000,0.053524366620378426,5,4,171.0
619004,0.23114444325709554,232,12,95.0
810597,0.3175070471330874,27,1,220.0
702998,0.1989482304476989,33,8,108.0
763673,0.25079236866283505,188,11,304.5
744838,0.1706352331376927,39,3,207.0
339651,0.06808323881004719,3,2,42.0
672077,0.18782691240917793,54,3,38.5
744837,0.1066803601288528,4699,17,219.0
638658,0.07414085557749277,2,1,498.5
715907,0.260835673445154,622,14,198.0
751625,0.16996652129709366,12,3,277.0
778523,0.0,1,1,44.0
778522,0.0,1,1,738.0
822282,0.16135130930848035,394,4,19.5
142310,0.0,1,1,144.0
782554,0.0,1,1,32.0
563664,0.0,1,1,1.0
662634,0.12290646407043807,9,5,494.0
394818,0.06808323881004719,3,2,42.0
756253,0.18548654555837737,2387,13,170.0
705423,0.2381309772299819,2728,14,278.0
801850,0.0667077720703984,38,3,28.0
676368,0.19282374927657076,405,12,296.0
720509,0.18411168408211498,21658,12,4.0
355486,0.0,1,1,2.0
795940,0.2720026542263497,35,6,330.0
624111,0.02958765051635131,166,8,379.0
787319,0.10417809680396149,7098,11,76.0
526483,0.24436131588128296,101,11,361.0
731191,0.1573215644288683,10,5,53.5
724374,0.2509039682656756,63,9,270.0
711751,0.13790786133437516,29935,16,24.0
756412,0.14222409438753994,6,3,150.5
725715,0.25126274435068385,5971,26,65.0
770041,0.2578678452944668,209,12,322.5
729247,0.11121128336623914,4,1,6.0
792910,0.0,1,1,27486.0
794947,0.2827776885250495,57,9,125.5
441714,0.0,1,1,380.0
609895,0.2364476450370068,6054,12,156.0
721710,0.6355324998290449,1283,8,232.0
740325,0.11647162114284,10,2,624.5
740328,0.16177068070759484,15,3,139.0
720613,0.16283073173003149,140,3,14.0
782027,0.020862540261155603,97,8,153.0
679251,0.2202113543766923,24,4,162.5
746946,0.20903997976040703,3696,16,57.0
406380,0.16577349264389757,7,4,148.0
630243,0.0,2,1,40.0
171781,0.06808323881004719,3,2,855.0
750626,0.2150734126932675,295,17,3.0
750156,0.06399249742006202,7,1,66.0
712627,0.05421575455379481,1512,14,153.0
640904,0.1517885067803809,29,6,478.0
784643,0.10818247498251635,6,5,10.5
750629,0.07198710779634435,5,3,855.0
787353,0.1269984693860465,25,6,4.0
504146,0.11751047586170903,3,3,522.0
716588,0.17534701057217816,33,1,125.0
795836,0.20723777934725696,147,6,467.0
623606,0.11751047586170903,3,3,1289.0
431060,0.0,2,2,338.0
784751,0.24320815080291655,113,14,63.0
779451,0.0,1,1,700.0
457223,0.20601197921957995,38,8,38.0
764403,0.06014885425870377,4,2,59.0
711801,0.4023561619381403,112,11,195.0
343850,0.21203809464598142,112,11,330.0
303924,0.0,1,1,449.0
579740,0.25984962968086966,1510,20,34.0
723520,0.0,1,1,1537.0
813546,0.24107856849086357,12,3,10.5
765680,0.08084527685597163,29117,20,702.0
700458,0.0,3,2,168.0
560277,0.16212413110079094,22,8,15.5
715585,0.19537963625731408,46,5,507.5
615475,0.18695659423746694,7,4,79.0
493243,0.0,1,1,291.0
655835,0.13846797458212753,11,3,61.0
623047,0.1843511161274074,36,4,762.5
624029,0.0,10,5,174.5
311161,0.06388909992022689,605,11,69.0
82219,0.11751047586170903,3,2,241.0
607268,0.07414085557749277,2,2,143.5
706283,0.21572574402195185,23,8,222.0
774579,0.07414085557749277,2,2,48.5
739402,0.16926018145042723,64,8,877.5
592208,0.07414085557749277,2,1,843.5
801453,0.3538943071508377,42,1,912.0
590302,0.0,1,1,394.0
352871,0.14355597506168716,11,3,37.0
562852,0.0,1,1,1.0
748301,0.24874394752220524,47849,10,245.0
551077,0.258527111769683,31,9,104.0
791781,0.0,9,1,2.0
715057,0.1809829134860766,18,5,205.5
662936,0.0558696449186557,799,17,4.0
209598,0.0,1,1,345.0
759288,0.2176752256828497,47,8,7.5
754677,0.1959292373383637,927,4,194.0
413842,0.27179668485872294,25354,15,8.0
759211,0.2532096351887689,410,10,102.5
307444,0.11121128336623914,4,3,160.0
678637,0.20262825467109016,139,12,355.0
736830,0.2719146742388005,304,11,229.0
619585,0.16421822075258757,60,2,206.5
729252,0.0,8,1,113.0
87223,0.1813811061323498,10,5,398.0
464389,0.17355443014611055,46,4,703.0
650446,0.11751047586170903,3,3,85.0
773944,0.24419870623439155,108,8,20.0
765463,0.2822960879760279,3277,1,167.0
668579,0.0,3,2,1686.0
795001,0.4939838262921658,477,4,185.0
153815,0.0,1,1,2684.0
652414,0.20917426501185699,61,9,352.0
404616,0.0,1,1,43.0
754013,0.06348283467619947,3906,17,1369.0
679656,0.19601681363024087,985,8,119.0
658440,0.0,1,1,19.0
604368,0.1935504303717405,14,4,320.5
604365,0.1598209243899642,8,4,206.5
767192,0.21744945989524594,5167,4,284.0
582466,0.19213678617423638,56,6,125.0
805355,0.49552450517451035,211,5,4.0
172754,0.21710113550988683,224,13,142.0
790535,0.1750017484476348,629,6,175.5
718187,0.19949075063871768,25,5,436.0
805353,0.5040655199207895,254,5,7.5
679386,0.2869614544826117,211,12,235.0
719741,0.05418273844845424,783,17,4.0
701501,0.26276815283929195,691,18,465.0
743416,0.0,1,1,47.0
703656,0.11358980760292964,33,9,853.0
621606,0.0,1,1,357.0
797151,0.11751047586170903,3,2,193.0
694325,0.0558696449186557,799,17,4.0
587037,0.07414085557749277,2,1,6.0
804957,0.0,1,1,237.0
548451,0.053524366620378426,5,5,144.0
725963,0.1843651640653007,37,9,266.0
667512,0.0,1,1,476.0
689357,0.2506029028249789,5200,20,426.5
824513,0.06779894255866029,88,4,29.0
749659,0.0,1,1,4005.0
691431,0.053524366620378426,5,3,304.0
734921,0.22584701412573188,133,10,121.0
798826,0.4035109154349134,310,3,1.0
738331,0.22025203329481388,140,13,438.0
756734,0.030680735333894656,12,1,184.0
804885,0.3280279504536926,47,5,735.0
591304,0.2443216266138527,36,8,171.0
591657,0.02958765051635131,166,8,379.0
756738,0.0,2,1,34.5
715829,0.10164345002734144,5,4,154.0
596128,0.17288184526038966,19,7,198.0
795226,0.21707634061279985,1565,7,97.0
727140,0.16826501961934626,149,4,23.0
699683,0.21345559516228962,175,11,198.0
808130,0.4049338116039054,118,2,74.5
752414,0.12514554519968324,15,7,400.0
792702,0.16095613448933566,10,1,116.5
792873,0.07414085557749277,2,1,5312.0
808164,0.07414085557749277,2,1,5312.0
590870,0.0,1,1,71.0
801343,0.19236808253924773,36,3,137.0
666039,0.10056042959937038,24,7,927.0
677388,0.22193785219714743,64,12,225.5
677386,0.07414085557749277,2,1,843.5
793099,0.10818247498251635,6,1,259.0
718765,0.24600351858185918,581,1,33.0
677548,0.0,1,1,1.0
752098,0.1739234735477021,13,6,70.0
751967,0.06617715821618762,4102,18,1347.0
773108,0.15857039091990643,26,4,86.0
725563,0.0,2,1,40.0
607723,0.24847761645251212,252,10,296.0
815092,0.19188412964420112,49,3,41.0
775976,0.20639134375099782,39,1,788.0
657587,0.16577349264389757,7,6,1575.0
756068,0.1675323355716104,53838,18,1525.0
573433,0.1560473156710337,21,4,106.0
734624,0.19514278612909644,1826,3,133.5
734625,0.20802495647911584,378,3,181.0
720515,0.1792470121636639,190,6,27.5
734623,0.019087777877108067,829,14,56.0
717096,0.19296656382038896,1069,7,769.0
750965,0.06625039855348636,4134,18,1358.0
787775,0.14642355605118657,9,5,85.0
706774,0.21572574402195185,23,8,222.0
650501,0.0,1,1,519.0
543665,0.13363492132683938,342,12,3.0
819386,0.23418841774740082,186,4,372.0
457898,0.20658175390648434,81,8,127.0
690340,0.17214973554436686,5,5,524.0
678463,0.2562726688234017,15,2,253.0
711568,0.0,86065,30,21.0
495555,0.2117009495254364,12,6,69.0
792905,0.0,1,1,32.0
681118,0.162278411637589,269,9,237.0
729251,0.2945184209767372,278,11,62.0
771502,0.01898205404930278,602,13,841.0
540944,0.1662075804914409,21,7,10.0
681114,0.18535162357776866,2513,13,170.0
674622,0.1663937204314014,121,9,477.0
368670,0.16421822075258757,60,2,206.5
674620,0.0,4,2,25.0
821979,0.07414085557749277,2,2,461.0
674624,0.17835613828433738,8,4,95.5
716843,0.1919343037209773,21,2,116.0
738622,0.20699790234362228,6284,22,67.0
738623,0.07198710779634435,5,4,2.0
786180,0.1532514835566074,14,6,205.0
119693,0.14249339331336974,5,4,43.0
740332,0.14867039881390692,682,11,170.5
740334,0.0,1,1,3146.0
793473,0.07414085557749277,2,1,5978.5
180187,0.18695659423746694,7,5,180.0
351236,0.07414085557749277,2,2,350.0
634796,0.0,5,3,2.0
796115,0.17929452217628633,12,1,40.5
667025,0.2094004691279821,33,9,86.0
818962,0.24013491029553552,13,1,140.0
696804,0.21748637623974285,878,9,2269.5
541314,0.15599560140852975,21,4,85.0
