"version","false_positive"
"3-11","53219 53670 73331 120639 131841 148245 170674 180187 205735 253479 258843 271669 291902 306911 307259 310267 322759 335896 339315 346431 361389 363280 371135 373344 378682 393770 400822 425603 464389 465686 484177 497119 499845 507119 528261 533516 537379 541963 574182 576980 579647 587494 595364 595387 595990 604734 605452 605460 607469 610690 611597 612536 613376 613834 615450 617191 617718 619021 619045 619934 620158 621699 622962 622985 623107 623185 623188 623355 624170 624797 626198 626361 627656 628449 629004 629487 629950 630191 630998 633280 634221 634387 635191 637123 637533 638060 639168 641226 641309 642082 643379 644542 645773 646952 648232 649079 650166 651345 653419 658440 659842 662091 664096 665218 666094 667835 668344 668851 669024 670914 673456 675634 678607 679202 682444 683252 683940 684544 687099 689357 691278 691443 693451 694419 695524 695666 697459 698040 698226 700288 702150 702215 702481 702493 702904 704762 704794 705154 705258 705287 705407 705424 705588 705616 705630 705757 705761 706045 706446 706781 707220 707436 711390 711564 715401 715916 717386 717658 718541 718746 720676 721207 721667 722269 722625 723291 723518 723520 725632 725733 726206 732065 736832 737437 738640 739640 741053 743263 744847 744992 745515 746713 747683 748331 749816 756427 757853 762581 763261 766939 767783 768395 771569 771774 775446 776222 777063 777951 778364 778445 778975 779447 780577 780611 780658 782501 783888 783998 784432 785220 786076 787803 789438 790390 794146 795675 795829 795998 797116 801382 801419 804144 804493 806346 806786 814096 819386 823077"
"3-12","45663 46556 53219 53670 59203 100216 131841 142310 142542 146907 154753 198267 205735 291902 309897 310267 335896 363280 370791 371135 373344 378682 393141 398733 416461 425603 433758 464389 514032 528261 541963 559083 579647 584447 587494 595364 595387 599488 604734 605452 605460 610690 611597 613835 614761 615450 617718 619045 620158 621699 622985 623107 623168 623188 623606 624170 626052 626198 626361 628449 630191 634534 635191 636968 637123 637533 639168 641226 642082 643379 644542 645289 646952 650166 651345 654673 657465 659051 659842 662091 662954 665218 666094 667835 668851 669024 670914 675634 677580 678607 682444 683252 684544 689357 690979 691443 693451 694419 695524 695666 697459 698226 700732 702150 702215 702481 702904 704698 704762 704794 705258 705407 705509 705588 705613 705616 705630 705757 705761 706027 706045 706441 706446 706781 707220 711086 711390 711564 715401 715916 716971 717386 718746 718949 720168 720353 721207 721667 722269 722625 723291 723520 723949 725632 725733 726206 728652 730282 736522 736526 736714 736832 737437 738640 739640 741053 743263 744847 744992 745515 746254 746713 748331 751139 751583 752416 752501 753251 756427 757853 759749 762137 762581 766939 768395 772717 775446 776222 778364 778975 779447 780577 780611 780658 780828 782501 783998 784432 785220 786076 789438 790390 793439 794146 795234 795829 797116 800840 801382 804144 804493 804613 805355 806346 806781 806786 807038 812985 813092 819386 823077"
"3-13","53219 53670 73331 77362 120639 148245 154753 180187 205735 253479 291902 292033 299419 306911 307444 308086 310267 322185 322759 335896 343087 363280 371135 373344 378682 393770 416461 464389 497119 499845 507119 529148 536306 579647 584447 587494 592595 595364 595375 595990 604734 605460 610690 611597 615450 617718 618261 619045 620158 621699 622962 622985 623107 623168 623185 623188 623606 624170 626052 627656 630191 630519 630998 633280 634221 634534 636968 637123 637533 639168 641309 642082 643379 644542 645773 646826 646952 650166 651345 653419 659051 659842 662954 664096 665218 665286 666094 666852 667131 667835 668344 669024 669767 670914 672870 673456 678607 682444 683252 683940 684544 689357 690979 691443 692050 693451 693655 694419 695524 696175 697459 698226 700288 700732 702150 702215 704762 704794 705258 705509 705757 705761 706026 706045 706446 706781 706834 707220 707488 711086 711390 711397 715401 715916 716971 717386 718746 718949 720168 720353 720506 720676 721207 721667 722269 722625 723053 723291 723476 723518 723520 723523 723529 723659 723982 724014 724248 724717 724812 725632 725641 725733 726043 726206 727980 728564 728652 729861 730282 731293 736522 736526 736714 736832 737437 738640 739640 741053 743263 744847 744975 744992 745512 745515 746254 746713 747683 748331 748701 749648 750556 750625 750777 751583 752416 752495 752501 753248 753251 754279 756427 757366 757413 757853 759749 761185 761598 762581 762811 763112 763261 763392 765252 766939 768395 771569 773728 775143 775446 776222 778364 778445 778975 779447 780577 780658 782384 782501 783998 784338 784432 785009 785220 787685 788436 789438 790390 793416 793439 794146 795998 797116 801382 801419 804078 804144 804493 804613 806346 806786 807038 812985 813092 814096 823077"
"3-14","53219 73331 87610 102936 154753 180187 198399 205735 271669 305181 310267 322185 322759 339494 361389 373344 400822 464389 514032 521558 529148 533516 536306 541963 552305 574727 579647 588158 592595 595990 604734 605460 609049 610229 610690 613376 615450 617718 619021 619045 620100 620158 621699 622985 622992 623168 623185 623606 623920 624170 626052 626198 626361 630191 630998 634534 636674 637123 637171 637288 639168 640767 641026 641309 642082 643379 644542 646952 650166 651345 654573 658584 659051 659842 662091 662954 664096 665218 666094 667624 667835 668851 669024 670914 672870 673456 677273 677388 678607 680586 683252 683940 684544 689357 690979 691443 692050 693451 693655 693658 694775 695524 697459 700288 700732 702150 702481 702904 704683 704760 704762 705258 705509 705616 705757 705761 706045 706446 706781 707220 707488 708975 711390 715401 715916 717386 718746 720353 720506 720676 721207 721667 722269 722625 723053 723291 723520 723523 724812 725632 725733 726043 726206 729116 731293 736522 736526 736714 736761 736832 737437 738640 739400 739640 740817 741052 741053 743263 743767 744847 744975 744992 745141 745512 745515 746254 746713 746990 748331 748701 749186 750556 750777 751583 752495 753248 753251 754279 755211 755651 756427 757203 757366 757413 757853 758851 758931 759749 762137 762581 762811 762902 763112 763261 763392 765252 766939 767783 768385 768395 770364 771569 772717 773728 775446 776222 776473 777951 778364 778445 778975 779447 780577 780658 780828 782384 782501 783998 784432 785009 785220 786076 787067 787685 787803 788436 789438 790390 793311 793439 794146 794243 795234 795998 797116 797275 797374 798876 801382 804078 804144 804493 804613 805355 806346 806781 806786 812985 813092 814096 816442 819386 823077"
"3-15","53219 53670 73331 80105 95422 102936 131841 135498 139817 142542 148245 154753 180187 205735 271669 291902 292033 305181 306911 308086 310267 332971 335896 339315 339494 371135 373344 378682 384937 393770 398088 398345 400822 401042 411249 425603 464389 465686 471687 482809 495635 521558 529148 533516 536306 537379 556178 564607 574727 576980 579647 584447 587494 588158 592595 593583 595990 604734 605452 605460 610513 610690 612536 615450 616591 617718 619021 619045 619934 620158 621699 622962 622985 623107 623188 623606 624170 626052 626198 626361 627656 630031 630191 633280 634534 636968 637123 637533 639168 642082 643379 644542 646952 650166 656646 657465 659051 659842 662091 662954 665218 665817 666094 667624 667835 668344 670914 678607 680586 682444 683252 684544 689357 693451 696175 697459 702150 702215 702493 702904 704762 704794 705258 705509 705761 706045 706441 706446 706780 706781 707220 708975 711390 711397 711564 715401 715916 718746 720353 720676 721207 721667 722269 722625 723291 723520 725632 725641 725733 726043 726206 729861 731293 736522 736526 736714 736832 737437 738640 739640 739944 740817 741052 741053 744847 744975 744992 745141 745512 745515 746254 746713 746990 748331 748701 749186 749648 749649 750556 750777 751139 751583 751623 752416 752419 752495 752501 753248 753251 754725 754807 755211 755651 755902 756427 756999 757440 757853 758532 758533 758572 758851 758931 759748 759749 760038 760768 760769 760955 761021 761943 762137 762581 762811 762902 763261 765252 766939 768395 771569 772717 772782 773728 775143 775446 776222 776473 777951 778364 778445 778975 779447 780577 780658 782384 782501 783888 783904 783998 784432 785001 785220 785431 786076 787067 787685 787803 788436 789438 790390 792903 793416 793439 794146 794243 795234 795675 795829 795998 797116 797374 798876 800838 800840 801382 801419 803121 804144 804493 804613 806346 806786 807925 812985 813092 814096 819386 821660 823077 823119"
"3-16","45663 46556 53219 53670 73331 142542 148245 154753 180187 205735 265736 306911 310267 322759 335896 339315 361389 363280 371135 373344 378682 393770 395012 416461 471687 481988 482809 484177 495392 495635 507119 509839 521558 528261 529148 533516 536306 537379 552305 553332 576980 579647 584447 587494 588158 593583 595364 595375 595990 599488 604734 605452 605460 610690 611597 612536 613376 613467 614144 616510 617191 617718 619045 619934 620158 621699 622962 622985 623107 623168 623185 623606 624170 626052 626361 626606 627656 630191 630998 633280 633453 634387 634534 635676 636429 636674 636968 637123 637533 639168 641226 641309 642082 643379 644542 646952 650166 657465 659051 659842 662091 662954 665218 666094 667835 668344 668851 670914 677273 678607 680586 682444 682595 683252 683940 684544 689357 690979 693451 695524 697459 702150 702215 702493 702904 704762 704794 704866 705258 705509 705588 705761 706045 706446 706780 706781 707220 708019 711390 711397 711564 711852 715401 715916 716971 717658 718746 720506 720676 721207 721667 722269 722625 723053 723291 724717 725632 725733 726043 726119 726206 736832 737437 738640 740817 741053 744053 744847 744992 745141 745512 745515 746254 746713 747848 748212 748331 748701 749186 749648 749649 750777 752416 752501 753251 754279 754725 756427 757413 757853 758532 758533 758572 758872 759749 760038 760768 760769 760955 761021 761943 762137 762581 762811 762902 763392 763702 765252 766939 767338 767479 767783 768395 771569 771774 772717 772782 774357 774681 775446 776222 776473 778364 778445 778671 778975 779447 780577 780658 780828 782032 782501 782886 783196 783888 783998 784338 784432 785001 785220 785370 787685 787803 788436 789438 790390 792903 792910 793439 793614 794146 794243 795234 795675 795829 797116 797275 797374 798876 800147 800840 801382 801419 803121 803961 804078 804144 804493 804613 805355 805754 806346 806781 806786 807038 807925 810618 812985 813092 814096 816442 816451 816976 817391 817514 818869 819386 819477 821660 822036 822696 823077"
"3-17","53219 131841 154753 291902 322185 363280 373344 393770 400822 416461 471687 529387 536306 541963 576890 579647 588158 593583 595364 595375 604734 605460 610690 612551 616510 618261 619045 619934 620158 621699 622985 623168 624170 626361 627656 630191 630998 633280 634534 635676 637123 637533 639168 641309 642082 643379 644542 646826 646952 650166 657465 659051 659842 661158 662091 662954 665218 666094 667835 668344 668851 669024 673456 678607 684544 689357 690979 691431 693451 695524 697459 700732 702150 702215 702904 704762 704794 705509 705616 705757 706045 706446 706781 707220 708975 711390 711852 715916 717658 718746 720676 722269 722625 723053 724812 725632 725641 725733 726043 726206 732065 735012 736832 737437 738640 741052 744847 744992 745141 745512 745515 746896 748212 749648 749649 750625 750777 752416 752501 753248 753251 754807 756427 756991 757413 757853 758532 758572 759749 760768 761133 762137 762581 762811 762902 763585 765111 766939 767338 767479 768395 771774 772717 772782 774357 775446 776025 776222 777900 777951 778364 778402 778445 778666 778671 778975 779447 780577 780658 782032 782501 783196 783383 783655 783888 783998 785001 785009 785220 785370 786076 787067 787803 788436 789438 790390 792004 792697 792825 792903 792910 793439 793614 794146 794243 795234 795564 795626 795675 795829 795998 797116 797275 798863 800838 800840 801382 801419 803121 803961 804144 804493 804613 805355 805754 806346 806781 806786 807925 808561 810618 812985 813092 813991 814096 814316 814838 815542 815683 816451 817514 818869 819386 819477 821660 821762 822036 822074 822696 823077 823119"
"3-18","154753 306911 371135 395012 579647 584447 588158 595364 604734 605452 610690 612536 616510 617718 619045 619934 620158 622985 623168 624170 626052 630191 630998 634387 634534 635676 637418 639168 644542 646952 650166 656646 657465 658440 662954 665218 666094 667624 667835 668851 669024 678607 680586 682444 693451 695524 697459 702150 702904 704762 705757 706045 706441 706446 706781 707220 711390 715916 717658 718746 720676 722269 723053 725641 725733 726206 736832 737437 738640 739640 744992 745515 749648 750625 753251 756427 757413 757853 758533 760768 762581 762811 763112 763261 764758 766939 767338 768395 771407 772717 776222 777900 778364 778445 778975 779447 780577 780611 780828 782384 782501 783888 783904 783998 785009 785220 785370 787067 787803 788419 788436 789438 789741 789893 790390 790925 790926 790928 791439 791529 791589 792004 792101 792336 792570 792903 792910 793160 793311 793382 793416 793439 793473 793614 793727 794146 795594 795626 795646 795748 795829 795942 795998 797116 798761 798863 798872 800840 801382 801419 803540 804493 804613 805754 806346 806353 806786 807038 807925 808561 810618 812985 813092 814096 815542 816896 816976 817391 818869 819386 819484 820805 821660 821762 822036 822145 823077 823119 825480"
"3-19","395012 619045 622985 634534 635676 637123 639168 644542 646952 650166 654590 662954 665218 669024 695524 701501 702150 706045 706446 707220 711390 718746 721207 722269 726206 736832 744992 753251 756427 759749 760769 763261 767338 768395 772717 774681 776025 780577 783888 783998 785220 785370 788436 788495 789438 790390 790925 791330 792570 793160 793416 793614 795594 795748 795829 795942 801382 801419 801565 801821 803121 803527 803540 803782 803873 804493 804613 806346 806781 806786 808531 810618 812636 812985 813024 813092 813991 815542 815543 816011 816976 817391 817396 817759 818867 820072 820373 820379 820805 821660 822145 823077 823119"
"3-20","619045 622985 634534 639168 644542 646952 650166 662954 665218 669024 695524 702150 706045 706446 708975 718746 720676 722269 725632 726206 736832 744992 745515 756427 758532 762811 767338 768395 772717 776473 780577 785370 786076 788495 789438 790390 790926 792570 792903 793416 793727 794243 795594 795748 795942 798863 798872 803121 804493 804613 806346 806786 807038 808531 810618 812985 813024 813092 815542 815543 815999 816011 816976 817391 817396 819477 819484 819501 819745 819903 820067 820072 820373 820379 820805 821230 821660 821762 822145 822906 822991 823077 823119 825526"
"5-15","53219 53670 73331 76226 80105 81273 82219 83805 87223 87610 90379 95422 97444 102585 102936 103250 121860 133238 133548 133669 134437 135498 135868 136746 139817 142542 143824 146308 153815 154753 159468 162691 168523 171781 177796 195011 205735 231776 234620 241068 256297 265899 269568 271669 274425 280232 283147 288500 291531 291902 293460 293974 299419 301097 303654 305181 306911 307259 308086 309120 309298 310267 313108 313231 315304 321024 333050 336993 338288 339165 339315 343850 344291 344305 344749 345588 346611 347804 347853 348644 348981 350267 351236 354766 355052 356394 361389 362724 363696 363791 366320 367582 367755 368740 373344 373533 376193 378325 378682 384663 384937 387460 388993 393770 394014 394980 395581 398088 398733 400244 401042 401240 403060 406766 408535 416461 420697 425603 425936 428263 430800 430814 431260 431705 433525 434145 437142 440195 440722 445385 456295 464389 469439 471687 474410 478527 479353 482128 482809 483083 484576 486271 490678 493243 494445 495635 496199 497119 497875 501960 503384 504191 506521 507346 507991 508480 509354 509434 509549 512486 512678 514921 519719 519926 520164 521558 524671 526391 526586 527154 527567 527758 528261 529698 529910 529995 530567 530866 531425 531431 532528 532968 532977 533516 533577 534407 534791 535321 536272 536620 536666 536805 537046 537379 538270 540182 541646 542906 543901 544653 545097 545349 545960 546035 547647 548564 548810 549737 550758 552083 552616 552960 556178 557067 558309 558980 559138 560584 561294 561690 563127 564183 564607 565638 570950 571246 574111 574727 575462 575800 575886 576522 576980 577677 577967 580156 580504 581284 581761 581785 584447 587494 588062 588158 588275 589329 589877 590574 590883 591330 591411 591658 592998 595743 597715 599209 599341 599488 600152 602116 603356 604734 604753 605083 606416 607058 607469 608662 608998 609052 609793 610487 611594 611896 612103 612272 612547 612890 613376 613439 613472 613835 615475 616288 616506 616591 616676 616931 617649 617718 619021 619744 619934 620181 620250 620402 620405 622152 622962 623188 623606 624029 624170 624915 625753 625889 626195 626198 626361 628700 628706 629918 630031 630137 630519 631453 633383 633450 634248 634534 634796 635967 636114 636749 636921 636955 636968 637123 637274 637492 638425 638897 639100 639225 641093 642017 645644 646534 650566 652064 652763 653561 656354 656646 657129 657887 659287 660850 662954 663893 665817 666933 667315 667899 668344 668579 669767 670914 671064 673987 674353 677388 677416 678221 678530 679202 681751 682444 682649 682922 683252 683959 684167 684497 684544 686177 690632 691215 691431 692323 693110 693218 693467 693484 694646 696175 696449 698159 698391 699457 699725 700015 700174 700205 700580 700592 700605 701224 701300 701302 702493 702904 703890 704492 704683 704794 704866 705258 705509 705761 706045 706441 706448 706780 706781 706932 707098 707618 708975 711086 711303 711564 711801 714339 715387 715401 715657 717173 717386 718145 718187 718541 720100 720353 720506 720676 721086 721207 721663 721667 722269 722625 723053 723291 723447 723520 723659 724414 725279 725291 725632 725641 725733 726009 726043 726119 726206 728030 728430 728687 729116 729861 729955 730441 730461 730697 731187 731293 731719 731905 733004 733031 735012 735572 735663 735791 735869 736522 736526 736714 736832 739640 739858 739944 740817 741052 741053 741189 741218 741504 743596 744053 744975 745141 745453 745502 745512 745515 746254 746697 746713 746896 746990 747622 748212 748701 748856 749186 749648 749649 749650 750015 750033 750373 750556 750672 751106 751139 751515 751583 751623 752176 752321 752326 752327 752408 752416 752419 752495 752501 752784 753248 753251 754218 754279 754473 754725 754807 755211 755323 755570 755651 755902 756427 756686 756714 756813 756880 756991 757203 757413 757440 757783 757837 758198 758368 758532 758533 758572 758617 758713 758851 758931 759157 759300 759658 759748 759749 759771 759821 759858 760038 760051 760058 760439 760441 760583 760768 760769 760781 760811 760955 761021 761943 762137 762811 762902 763112 763261 763673 764336 764754 764758 765252 766413 768160 768396 768431 769565 770451 771027 771569 771983 772441 772717 772782 773604 773728 773756 773973 774673 775143 775543 775646 775682 775749 775921 775982 776222 776473 776974 777063 777150 777281 777282 777875 777914 777963 778424 779447 780129 780297 780611 780658 781566 781971 782575 782931 782932 783228 783257 783888 784142 784338 784365 784432 785001 785009 785431 787067 787685 787803 788436 788559 789735 790269 790390 791001 791560 792825 792903 793416 793433 793844 793866 794043 794146 794243 794904 795234 795308 795564 795675 795829 795952 797116 797374 797709 798190 798876 799523 800838 800840 801382 801400 801419 801551 801699 802105 802194 803121 804601 804606 804613 804784 805296 806350 806786 807038 807596 807684 807925 808115 812402 812985 813092 813897 814963 815055 817704 819386 820493 821660 822005 823077 823119 824069"
"5-16","45663 46556 53219 53670 56713 59203 73331 76936 81273 83805 87223 87610 94546 97444 97664 99354 103250 106097 133548 133669 134437 135498 135868 136746 142542 143824 150464 154753 156650 171781 177796 195011 199541 205735 215274 231776 234620 241068 241285 253479 265736 265899 269568 274425 280232 281098 283140 283147 288500 291531 293460 293974 301097 303654 303821 306902 306911 308752 309120 309298 310267 313108 313231 315304 320593 329335 333050 333555 336993 337010 337099 337104 337105 338288 339165 339315 339651 341595 344300 344305 344749 345588 348644 350267 351236 354766 355052 356394 361389 363791 365120 366320 367582 367755 369823 372373 376193 378325 378682 380359 383129 384663 384871 384937 387460 388993 390032 393770 394818 394970 394980 395012 395581 398088 398733 400244 401042 401240 403060 406766 408103 408535 413079 416461 420697 428263 430814 431260 431705 434145 437142 440722 445385 463970 469439 470419 470745 471687 478478 478527 479353 480158 481013 481988 482809 484576 488779 490102 490678 491722 493243 495635 497875 498751 501960 503196 503709 503750 506521 507119 507346 507928 508121 508480 509434 509549 512678 514921 519729 520164 521558 526391 526586 527567 527758 528261 529471 529544 529698 529910 529995 530567 530866 530877 532141 532968 532977 533516 533577 534672 534768 534791 535321 535948 535981 536272 536499 536620 536666 536805 537379 538143 541646 541963 542203 542906 543646 543901 544653 545097 545349 545960 546035 547647 547889 548564 549737 549911 550758 552083 552305 552616 553332 555917 556799 557067 557348 557557 558130 558309 558560 558980 559138 560584 561294 561690 563127 563285 563358 565448 565638 567877 571246 573590 574111 574727 575073 575462 575886 576542 576980 577645 577677 577967 578914 580156 580504 581029 581761 581785 582111 583070 584447 585033 586323 586870 587064 587304 587494 588062 588158 588210 588275 589329 589842 589877 590870 590883 591330 591411 591658 592199 593209 595743 596484 597311 597337 597343 597715 598543 599209 599341 599488 600042 600152 602808 602815 603356 604734 604753 605083 605819 605967 605988 606222 606225 606416 606677 607469 608662 609052 609793 610487 611594 611896 612103 612272 612547 612890 613376 613472 613835 614144 614845 615475 616506 617718 620103 620181 620250 620312 620402 620521 622152 622962 623606 624029 624170 625753 626192 626195 626213 626606 627062 628700 628706 629908 629918 629950 630137 630433 633383 633450 634248 634534 634796 635329 635786 635967 636114 636429 636674 636749 636921 636955 636968 637123 637163 637171 637274 637492 638425 638897 639100 639225 639811 639918 640788 641378 642017 645644 646534 646826 650566 652064 652763 653561 655696 656354 656646 657129 657887 660850 662954 664397 666225 666997 668344 668579 670914 671064 674353 675470 675536 676470 676499 677273 677388 678221 678530 678547 679202 682444 682922 683252 683940 683959 684167 684497 684544 686145 686177 690632 691431 692323 693218 693467 694775 694824 694913 696449 698391 698690 699457 700112 700174 700205 700580 700592 700596 700605 700986 701224 701302 702250 702487 702493 702904 703109 703890 704492 704683 704684 704794 704866 705258 705509 705588 705761 706045 706448 706476 706780 706781 706932 707098 707618 708019 708975 710705 711086 711303 711564 711801 711852 712680 713427 713562 714339 715401 715657 715978 716971 717173 717386 718145 718187 718195 718541 720506 720676 721207 721663 721667 722269 722625 723053 723291 723447 724414 724717 725279 725632 725641 725733 726009 726043 726119 726376 726464 726872 728030 728430 728687 729116 730461 730697 731187 731905 732128 733004 733031 735012 735572 735663 735791 736832 737928 739795 739858 740817 741053 741189 741218 741504 742602 744053 745141 745453 745502 745512 745515 745696 745778 746254 746697 746713 746896 747602 747622 747848 748212 748701 748856 749177 749186 749648 749649 750373 751106 751139 752176 752327 752408 752416 752493 752501 752901 753251 754218 754279 754725 755323 756427 756686 756714 756991 757413 757837 758198 758532 758533 758572 758617 758713 758872 759157 759300 759658 759749 759771 759821 759858 760038 760058 760439 760441 760768 760769 760781 760811 760955 761021 761943 762115 762137 762811 762902 763112 763392 763585 763673 763702 763819 764336 764758 765198 765252 766413 767338 767479 767890 768160 768237 768364 768431 768449 769565 770381 770451 770582 770861 771569 771774 771983 772441 772717 772782 773604 773665 773756 773973 774357 774700 775543 775646 775682 775921 775982 776222 776473 776974 777063 777150 777281 777282 777875 777914 777963 778175 778424 778453 778671 779447 780129 780297 780658 781078 781566 781776 781814 781816 781971 782032 782284 782575 782886 782931 782932 783139 783196 783228 783257 783752 783888 784009 784142 784338 784365 784432 784643 785001 785009 785370 787685 787803 788436 789572 789735 790269 791001 791560 792304 792825 792903 792910 793426 793433 793614 793844 793866 794146 794243 794954 795234 795308 795564 795675 795829 795952 797116 797275 797374 798190 798758 798876 798915 800840 801382 801400 801419 801551 801699 802105 802194 802624 803121 803458 803961 804078 804601 804606 804613 804784 804885 805296 805355 805754 806350 806461 806781 806786 807038 807468 807596 807606 807684 807925 808115 808313 808324 808449 809277 809322 809635 811221 811389 811653 812402 812585 812683 812985 813092 813897 814736 814963 815055 816263 816442 816451 816976 817391 817408 817514 817568 817704 819291 819386 819477 820493 821660 822005 822036 822696 823077 824069"
